Pclass,Sex,Missing_Cabin,Pclass Sex,Pclass Embarked,Pclass Missing_Cabin,Sex Age,Sex Fare,Sex Embarked,Sex Missing_Cabin,Sex members,Embarked Missing_Cabin,Missing_Cabin DeckNum,Survived
3.0,0.0,1.0,0.0,6.0,3.0,0.0,0.0,0.0,0.0,0.0,2.0,-1.0,
1.0,1.0,0.0,1.0,0.0,0.0,38.0,71.2833,0.0,0.0,1.0,0.0,0.0,0.0
3.0,1.0,1.0,3.0,6.0,3.0,26.0,7.925,2.0,1.0,1.0,2.0,-1.0,1.0
1.0,1.0,0.0,1.0,2.0,0.0,35.0,53.1,2.0,0.0,2.0,0.0,0.0,1.0
3.0,0.0,1.0,0.0,6.0,3.0,0.0,0.0,0.0,0.0,0.0,2.0,-1.0,1.0
3.0,0.0,1.0,0.0,3.0,3.0,-0.0,0.0,0.0,0.0,0.0,1.0,-1.0,0.0
1.0,0.0,0.0,0.0,2.0,0.0,0.0,0.0,0.0,0.0,0.0,0.0,0.0,0.0
3.0,0.0,1.0,0.0,6.0,3.0,0.0,0.0,0.0,0.0,0.0,2.0,-1.0,0.0
3.0,1.0,1.0,3.0,6.0,3.0,27.0,11.1333,2.0,1.0,3.0,2.0,-1.0,0.0
2.0,1.0,1.0,2.0,0.0,2.0,14.0,30.0708,0.0,1.0,2.0,0.0,-1.0,1.0
3.0,1.0,0.0,3.0,6.0,0.0,4.0,16.7,2.0,0.0,2.0,0.0,0.0,1.0
1.0,1.0,0.0,1.0,2.0,0.0,58.0,26.55,2.0,0.0,1.0,0.0,0.0,1.0
3.0,0.0,1.0,0.0,6.0,3.0,0.0,0.0,0.0,0.0,0.0,2.0,-1.0,1.0
3.0,0.0,1.0,0.0,6.0,3.0,0.0,0.0,0.0,0.0,0.0,2.0,-1.0,0.0
3.0,1.0,1.0,3.0,6.0,3.0,14.0,7.8542,2.0,1.0,1.0,2.0,-1.0,0.0
2.0,1.0,1.0,2.0,4.0,2.0,55.0,16.0,2.0,1.0,1.0,2.0,-1.0,0.0
3.0,0.0,1.0,0.0,3.0,3.0,0.0,0.0,0.0,0.0,0.0,1.0,-1.0,1.0
2.0,0.0,1.0,0.0,4.0,2.0,-0.0,0.0,0.0,0.0,0.0,2.0,-1.0,0.0
3.0,1.0,1.0,3.0,6.0,3.0,31.0,18.0,2.0,1.0,1.0,2.0,-1.0,1.0
3.0,1.0,1.0,3.0,0.0,3.0,-1.0,7.225,0.0,1.0,1.0,0.0,-1.0,0.0
2.0,0.0,1.0,0.0,4.0,2.0,0.0,0.0,0.0,0.0,0.0,2.0,-1.0,1.0
2.0,0.0,0.0,0.0,4.0,0.0,0.0,0.0,0.0,0.0,0.0,0.0,0.0,0.0
3.0,1.0,1.0,3.0,3.0,3.0,15.0,8.0292,1.0,1.0,1.0,1.0,-1.0,1.0
1.0,0.0,0.0,0.0,2.0,0.0,0.0,0.0,0.0,0.0,0.0,0.0,0.0,1.0
3.0,1.0,1.0,3.0,6.0,3.0,8.0,21.075,2.0,1.0,4.0,2.0,-1.0,1.0
3.0,1.0,1.0,3.0,6.0,3.0,38.0,31.3875,2.0,1.0,4.0,2.0,-1.0,0.0
3.0,0.0,1.0,0.0,0.0,3.0,-0.0,0.0,0.0,0.0,0.0,0.0,-1.0,1.0
1.0,0.0,0.0,0.0,2.0,0.0,0.0,0.0,0.0,0.0,0.0,0.0,0.0,0.0
3.0,1.0,1.0,3.0,3.0,3.0,-1.0,7.8792,1.0,1.0,1.0,1.0,-1.0,0.0
3.0,0.0,1.0,0.0,6.0,3.0,-0.0,0.0,0.0,0.0,0.0,2.0,-1.0,1.0
1.0,0.0,1.0,0.0,0.0,1.0,0.0,0.0,0.0,0.0,0.0,0.0,-1.0,0.0
1.0,1.0,0.0,1.0,0.0,0.0,-1.0,146.5208,0.0,0.0,2.0,0.0,0.0,0.0
3.0,1.0,1.0,3.0,3.0,3.0,-1.0,7.75,1.0,1.0,1.0,1.0,-1.0,1.0
2.0,0.0,1.0,0.0,4.0,2.0,0.0,0.0,0.0,0.0,0.0,2.0,-1.0,1.0
1.0,0.0,1.0,0.0,0.0,1.0,0.0,0.0,0.0,0.0,0.0,0.0,-1.0,0.0
1.0,0.0,1.0,0.0,2.0,1.0,0.0,0.0,0.0,0.0,0.0,2.0,-1.0,0.0
3.0,0.0,1.0,0.0,0.0,3.0,-0.0,0.0,0.0,0.0,0.0,0.0,-1.0,0.0
3.0,0.0,1.0,0.0,6.0,3.0,0.0,0.0,0.0,0.0,0.0,2.0,-1.0,1.0
3.0,1.0,1.0,3.0,6.0,3.0,18.0,18.0,2.0,1.0,2.0,2.0,-1.0,0.0
3.0,1.0,1.0,3.0,0.0,3.0,14.0,11.2417,0.0,1.0,2.0,0.0,-1.0,0.0
3.0,1.0,1.0,3.0,6.0,3.0,40.0,9.475,2.0,1.0,1.0,2.0,-1.0,1.0
2.0,1.0,1.0,2.0,4.0,2.0,27.0,21.0,2.0,1.0,2.0,2.0,-1.0,0.0
3.0,0.0,1.0,0.0,0.0,3.0,-0.0,0.0,0.0,0.0,0.0,0.0,-1.0,0.0
2.0,1.0,1.0,2.0,0.0,2.0,3.0,41.5792,0.0,1.0,3.0,0.0,-1.0,0.0
3.0,1.0,1.0,3.0,3.0,3.0,19.0,7.8792,1.0,1.0,1.0,1.0,-1.0,1.0
3.0,0.0,1.0,0.0,6.0,3.0,-0.0,0.0,0.0,0.0,0.0,2.0,-1.0,1.0
3.0,0.0,1.0,0.0,3.0,3.0,-0.0,0.0,0.0,0.0,0.0,1.0,-1.0,0.0
3.0,1.0,1.0,3.0,3.0,3.0,-1.0,7.75,1.0,1.0,1.0,1.0,-1.0,0.0
3.0,0.0,1.0,0.0,0.0,3.0,-0.0,0.0,0.0,0.0,0.0,0.0,-1.0,1.0
3.0,1.0,1.0,3.0,6.0,3.0,18.0,17.8,2.0,1.0,2.0,2.0,-1.0,0.0
3.0,0.0,1.0,0.0,6.0,3.0,0.0,0.0,0.0,0.0,0.0,2.0,-1.0,0.0
3.0,0.0,1.0,0.0,6.0,3.0,0.0,0.0,0.0,0.0,0.0,2.0,-1.0,0.0
1.0,1.0,0.0,1.0,0.0,0.0,49.0,76.7292,0.0,0.0,3.0,0.0,0.0,0.0
2.0,1.0,1.0,2.0,4.0,2.0,29.0,26.0,2.0,1.0,1.0,2.0,-1.0,1.0
1.0,0.0,0.0,0.0,0.0,0.0,0.0,0.0,0.0,0.0,0.0,0.0,0.0,1.0
1.0,0.0,0.0,0.0,2.0,0.0,-0.0,0.0,0.0,0.0,0.0,0.0,0.0,0.0
2.0,1.0,1.0,2.0,4.0,2.0,21.0,10.5,2.0,1.0,1.0,2.0,-1.0,1.0
3.0,0.0,1.0,0.0,0.0,3.0,0.0,0.0,0.0,0.0,0.0,0.0,-1.0,1.0
2.0,1.0,1.0,2.0,4.0,2.0,5.0,27.75,2.0,1.0,3.0,2.0,-1.0,0.0
3.0,0.0,1.0,0.0,6.0,3.0,0.0,0.0,0.0,0.0,0.0,2.0,-1.0,1.0
3.0,0.0,1.0,0.0,0.0,3.0,0.0,0.0,0.0,0.0,0.0,0.0,-1.0,0.0
1.0,1.0,0.0,1.0,0.0,0.0,38.0,80.0,0.0,0.0,2.0,0.0,0.0,0.0
1.0,0.0,0.0,0.0,2.0,0.0,0.0,0.0,0.0,0.0,0.0,0.0,0.0,1.0
3.0,0.0,1.0,0.0,6.0,3.0,0.0,0.0,0.0,0.0,0.0,2.0,-1.0,0.0
1.0,0.0,1.0,0.0,0.0,1.0,-0.0,0.0,0.0,0.0,0.0,0.0,-1.0,0.0
3.0,0.0,1.0,0.0,0.0,3.0,-0.0,0.0,0.0,0.0,0.0,0.0,-1.0,0.0
2.0,1.0,0.0,2.0,4.0,0.0,29.0,10.5,2.0,0.0,1.0,0.0,0.0,1.0
3.0,0.0,1.0,0.0,6.0,3.0,0.0,0.0,0.0,0.0,0.0,2.0,-1.0,1.0
3.0,1.0,1.0,3.0,6.0,3.0,17.0,7.925,2.0,1.0,1.0,2.0,-1.0,0.0
3.0,0.0,1.0,0.0,6.0,3.0,0.0,0.0,0.0,0.0,0.0,2.0,-1.0,1.0
2.0,0.0,1.0,0.0,4.0,2.0,0.0,0.0,0.0,0.0,0.0,2.0,-1.0,0.0
3.0,1.0,1.0,3.0,6.0,3.0,16.0,46.9,2.0,1.0,6.0,2.0,-1.0,0.0
2.0,0.0,1.0,0.0,4.0,2.0,0.0,0.0,0.0,0.0,0.0,2.0,-1.0,0.0
3.0,0.0,1.0,0.0,0.0,3.0,0.0,0.0,0.0,0.0,0.0,0.0,-1.0,0.0
3.0,0.0,1.0,0.0,6.0,3.0,0.0,0.0,0.0,0.0,0.0,2.0,-1.0,0.0
3.0,0.0,0.0,0.0,6.0,0.0,0.0,0.0,0.0,0.0,0.0,0.0,0.0,1.0
3.0,0.0,1.0,0.0,6.0,3.0,-0.0,0.0,0.0,0.0,0.0,2.0,-1.0,0.0
3.0,0.0,1.0,0.0,6.0,3.0,-0.0,0.0,0.0,0.0,0.0,2.0,-1.0,0.0
2.0,0.0,1.0,0.0,4.0,2.0,0.0,0.0,0.0,0.0,0.0,2.0,-1.0,0.0
3.0,1.0,1.0,3.0,6.0,3.0,30.0,12.475,2.0,1.0,2.0,2.0,-1.0,1.0
3.0,0.0,1.0,0.0,6.0,3.0,0.0,0.0,0.0,0.0,0.0,2.0,-1.0,1.0
3.0,0.0,1.0,0.0,6.0,3.0,0.0,0.0,0.0,0.0,0.0,2.0,-1.0,0.0
3.0,1.0,1.0,3.0,3.0,3.0,-1.0,7.7875,1.0,1.0,1.0,1.0,-1.0,1.0
1.0,0.0,1.0,0.0,2.0,1.0,0.0,0.0,0.0,0.0,0.0,2.0,-1.0,1.0
2.0,1.0,1.0,2.0,4.0,2.0,17.0,10.5,2.0,1.0,1.0,2.0,-1.0,0.0
3.0,1.0,1.0,3.0,6.0,3.0,33.0,15.85,2.0,1.0,2.0,2.0,-1.0,1.0
3.0,0.0,1.0,0.0,6.0,3.0,0.0,0.0,0.0,0.0,0.0,2.0,-1.0,1.0
3.0,0.0,1.0,0.0,6.0,3.0,-0.0,0.0,0.0,0.0,0.0,2.0,-1.0,0.0
1.0,1.0,0.0,1.0,2.0,0.0,23.0,263.0,2.0,0.0,4.0,0.0,0.0,0.0
3.0,0.0,1.0,0.0,6.0,3.0,0.0,0.0,0.0,0.0,0.0,2.0,-1.0,1.0
3.0,0.0,1.0,0.0,6.0,3.0,0.0,0.0,0.0,0.0,0.0,2.0,-1.0,0.0
3.0,0.0,1.0,0.0,6.0,3.0,0.0,0.0,0.0,0.0,0.0,2.0,-1.0,0.0
1.0,0.0,0.0,0.0,2.0,0.0,0.0,0.0,0.0,0.0,0.0,0.0,0.0,0.0
3.0,0.0,1.0,0.0,6.0,3.0,0.0,0.0,0.0,0.0,0.0,2.0,-1.0,0.0
3.0,0.0,1.0,0.0,6.0,3.0,0.0,0.0,0.0,0.0,0.0,2.0,-1.0,0.0
3.0,0.0,1.0,0.0,6.0,3.0,-0.0,0.0,0.0,0.0,0.0,2.0,-1.0,0.0
1.0,0.0,0.0,0.0,0.0,0.0,0.0,0.0,0.0,0.0,0.0,0.0,0.0,0.0
1.0,0.0,0.0,0.0,0.0,0.0,0.0,0.0,0.0,0.0,0.0,0.0,0.0,0.0
2.0,1.0,1.0,2.0,4.0,2.0,34.0,23.0,2.0,1.0,2.0,2.0,-1.0,1.0
2.0,0.0,1.0,0.0,4.0,2.0,0.0,0.0,0.0,0.0,0.0,2.0,-1.0,1.0
3.0,1.0,1.0,3.0,6.0,3.0,28.0,7.8958,2.0,1.0,1.0,2.0,-1.0,0.0
3.0,0.0,1.0,0.0,6.0,3.0,-0.0,0.0,0.0,0.0,0.0,2.0,-1.0,0.0
1.0,0.0,0.0,0.0,2.0,0.0,0.0,0.0,0.0,0.0,0.0,0.0,0.0,0.0
3.0,0.0,1.0,0.0,6.0,3.0,0.0,0.0,0.0,0.0,0.0,2.0,-1.0,0.0
3.0,0.0,1.0,0.0,6.0,3.0,0.0,0.0,0.0,0.0,0.0,2.0,-1.0,0.0
3.0,0.0,1.0,0.0,6.0,3.0,0.0,0.0,0.0,0.0,0.0,2.0,-1.0,0.0
3.0,1.0,1.0,3.0,6.0,3.0,21.0,7.65,2.0,1.0,1.0,2.0,-1.0,0.0
3.0,0.0,1.0,0.0,6.0,3.0,-0.0,0.0,0.0,0.0,0.0,2.0,-1.0,1.0
3.0,0.0,1.0,0.0,6.0,3.0,0.0,0.0,0.0,0.0,0.0,2.0,-1.0,1.0
3.0,1.0,1.0,3.0,3.0,3.0,-1.0,24.15,1.0,1.0,3.0,1.0,-1.0,0.0
1.0,0.0,0.0,0.0,2.0,0.0,0.0,0.0,0.0,0.0,0.0,0.0,0.0,1.0
3.0,1.0,1.0,3.0,0.0,3.0,14.5,14.4542,0.0,1.0,2.0,0.0,-1.0,0.0
3.0,0.0,1.0,0.0,6.0,3.0,0.0,0.0,0.0,0.0,0.0,2.0,-1.0,0.0
3.0,1.0,1.0,3.0,6.0,3.0,20.0,9.825,2.0,1.0,1.0,2.0,-1.0,0.0
3.0,1.0,1.0,3.0,0.0,3.0,17.0,14.4583,0.0,1.0,2.0,0.0,-1.0,0.0
3.0,0.0,1.0,0.0,6.0,3.0,0.0,0.0,0.0,0.0,0.0,2.0,-1.0,0.0
3.0,0.0,1.0,0.0,3.0,3.0,0.0,0.0,0.0,0.0,0.0,1.0,-1.0,0.0
2.0,0.0,1.0,0.0,4.0,2.0,0.0,0.0,0.0,0.0,0.0,2.0,-1.0,0.0
1.0,0.0,0.0,0.0,0.0,0.0,0.0,0.0,0.0,0.0,0.0,0.0,0.0,0.0
3.0,1.0,1.0,3.0,6.0,3.0,2.0,31.275,2.0,1.0,7.0,2.0,-1.0,0.0
2.0,0.0,1.0,0.0,4.0,2.0,0.0,0.0,0.0,0.0,0.0,2.0,-1.0,0.0
3.0,0.0,1.0,0.0,6.0,3.0,-0.0,0.0,0.0,0.0,0.0,2.0,-1.0,0.0
2.0,0.0,1.0,0.0,0.0,2.0,0.0,0.0,0.0,0.0,0.0,0.0,-1.0,0.0
2.0,1.0,0.0,2.0,4.0,0.0,32.5,13.0,2.0,0.0,1.0,0.0,0.0,0.0
1.0,0.0,0.0,0.0,2.0,0.0,0.0,0.0,0.0,0.0,0.0,0.0,0.0,1.0
3.0,0.0,1.0,0.0,0.0,3.0,0.0,0.0,0.0,0.0,0.0,0.0,-1.0,0.0
3.0,0.0,1.0,0.0,3.0,3.0,-0.0,0.0,0.0,0.0,0.0,1.0,-1.0,1.0
3.0,0.0,1.0,0.0,6.0,3.0,0.0,0.0,0.0,0.0,0.0,2.0,-1.0,0.0
3.0,1.0,0.0,3.0,0.0,0.0,-1.0,22.3583,0.0,0.0,2.0,0.0,0.0,1.0
3.0,0.0,1.0,0.0,6.0,3.0,0.0,0.0,0.0,0.0,0.0,2.0,-1.0,1.0
3.0,0.0,1.0,0.0,0.0,3.0,0.0,0.0,0.0,0.0,0.0,0.0,-1.0,0.0
3.0,0.0,1.0,0.0,6.0,3.0,0.0,0.0,0.0,0.0,0.0,2.0,-1.0,0.0
3.0,1.0,1.0,3.0,6.0,3.0,47.0,14.5,2.0,1.0,1.0,2.0,-1.0,0.0
2.0,1.0,1.0,2.0,4.0,2.0,29.0,26.0,2.0,1.0,1.0,2.0,-1.0,0.0
2.0,0.0,1.0,0.0,4.0,2.0,0.0,0.0,0.0,0.0,0.0,2.0,-1.0,1.0
2.0,0.0,1.0,0.0,0.0,2.0,0.0,0.0,0.0,0.0,0.0,0.0,-1.0,0.0
1.0,1.0,0.0,1.0,2.0,0.0,19.0,26.2833,2.0,0.0,1.0,0.0,0.0,0.0
1.0,0.0,0.0,0.0,2.0,0.0,0.0,0.0,0.0,0.0,0.0,0.0,0.0,1.0
3.0,0.0,1.0,0.0,6.0,3.0,0.0,0.0,0.0,0.0,0.0,2.0,-1.0,0.0
1.0,0.0,0.0,0.0,0.0,0.0,0.0,0.0,0.0,0.0,0.0,0.0,0.0,0.0
3.0,1.0,1.0,3.0,0.0,3.0,-1.0,15.2458,0.0,1.0,2.0,0.0,-1.0,0.0
3.0,1.0,1.0,3.0,6.0,3.0,22.0,7.75,2.0,1.0,1.0,2.0,-1.0,0.0
3.0,1.0,1.0,3.0,6.0,3.0,24.0,15.85,2.0,1.0,2.0,2.0,-1.0,1.0
3.0,0.0,1.0,0.0,3.0,3.0,0.0,0.0,0.0,0.0,0.0,1.0,-1.0,1.0
2.0,0.0,1.0,0.0,4.0,2.0,0.0,0.0,0.0,0.0,0.0,2.0,-1.0,0.0
2.0,0.0,1.0,0.0,4.0,2.0,0.0,0.0,0.0,0.0,0.0,2.0,-1.0,0.0
3.0,0.0,1.0,0.0,6.0,3.0,0.0,0.0,0.0,0.0,0.0,2.0,-1.0,0.0
3.0,1.0,1.0,3.0,6.0,3.0,9.0,34.375,2.0,1.0,4.0,2.0,-1.0,1.0
2.0,0.0,0.0,0.0,4.0,0.0,0.0,0.0,0.0,0.0,0.0,0.0,0.0,0.0
2.0,0.0,1.0,0.0,4.0,2.0,0.0,0.0,0.0,0.0,0.0,2.0,-1.0,0.0
2.0,0.0,1.0,0.0,4.0,2.0,0.0,0.0,0.0,0.0,0.0,2.0,-1.0,0.0
1.0,1.0,0.0,1.0,2.0,0.0,22.0,66.6,2.0,0.0,2.0,0.0,0.0,0.0
3.0,0.0,1.0,0.0,6.0,3.0,0.0,0.0,0.0,0.0,0.0,2.0,-1.0,1.0
3.0,0.0,1.0,0.0,6.0,3.0,0.0,0.0,0.0,0.0,0.0,2.0,-1.0,0.0
3.0,0.0,1.0,0.0,6.0,3.0,-0.0,0.0,0.0,0.0,0.0,2.0,-1.0,0.0
1.0,0.0,1.0,0.0,0.0,1.0,0.0,0.0,0.0,0.0,0.0,0.0,-1.0,0.0
3.0,1.0,1.0,3.0,3.0,3.0,16.0,7.7333,1.0,1.0,1.0,1.0,-1.0,0.0
3.0,0.0,1.0,0.0,6.0,3.0,0.0,0.0,0.0,0.0,0.0,2.0,-1.0,1.0
3.0,0.0,1.0,0.0,6.0,3.0,-0.0,0.0,0.0,0.0,0.0,2.0,-1.0,0.0
3.0,0.0,1.0,0.0,6.0,3.0,-0.0,0.0,0.0,0.0,0.0,2.0,-1.0,0.0
3.0,0.0,1.0,0.0,6.0,3.0,0.0,0.0,0.0,0.0,0.0,2.0,-1.0,0.0
2.0,1.0,1.0,2.0,4.0,2.0,40.0,15.75,2.0,1.0,1.0,2.0,-1.0,0.0
3.0,0.0,1.0,0.0,6.0,3.0,0.0,0.0,0.0,0.0,0.0,2.0,-1.0,1.0
3.0,0.0,1.0,0.0,6.0,3.0,0.0,0.0,0.0,0.0,0.0,2.0,-1.0,0.0
3.0,0.0,1.0,0.0,6.0,3.0,0.0,0.0,0.0,0.0,0.0,2.0,-1.0,0.0
3.0,0.0,1.0,0.0,6.0,3.0,0.0,0.0,0.0,0.0,0.0,2.0,-1.0,0.0
1.0,1.0,0.0,1.0,2.0,0.0,-1.0,55.0,2.0,0.0,2.0,0.0,0.0,1.0
3.0,1.0,1.0,3.0,6.0,3.0,45.0,27.9,2.0,1.0,6.0,2.0,-1.0,1.0
1.0,0.0,1.0,0.0,2.0,1.0,-0.0,0.0,0.0,0.0,0.0,2.0,-1.0,0.0
3.0,0.0,1.0,0.0,6.0,3.0,0.0,0.0,0.0,0.0,0.0,2.0,-1.0,0.0
1.0,0.0,0.0,0.0,2.0,0.0,0.0,0.0,0.0,0.0,0.0,0.0,0.0,0.0
3.0,0.0,1.0,0.0,3.0,3.0,0.0,0.0,0.0,0.0,0.0,1.0,-1.0,0.0
3.0,1.0,1.0,3.0,6.0,3.0,1.0,11.1333,2.0,1.0,3.0,2.0,-1.0,0.0
3.0,0.0,1.0,0.0,6.0,3.0,0.0,0.0,0.0,0.0,0.0,2.0,-1.0,1.0
1.0,0.0,0.0,0.0,0.0,0.0,0.0,0.0,0.0,0.0,0.0,0.0,0.0,0.0
3.0,0.0,1.0,0.0,6.0,3.0,0.0,0.0,0.0,0.0,0.0,2.0,-1.0,0.0
3.0,0.0,1.0,0.0,6.0,3.0,-0.0,0.0,0.0,0.0,0.0,2.0,-1.0,0.0
1.0,1.0,0.0,1.0,0.0,0.0,50.0,28.7125,0.0,0.0,1.0,0.0,0.0,0.0
2.0,0.0,1.0,0.0,4.0,2.0,0.0,0.0,0.0,0.0,0.0,2.0,-1.0,0.0
3.0,0.0,1.0,0.0,6.0,3.0,0.0,0.0,0.0,0.0,0.0,2.0,-1.0,0.0
3.0,1.0,1.0,3.0,6.0,3.0,-1.0,69.55,2.0,1.0,7.0,2.0,-1.0,0.0
2.0,0.0,1.0,0.0,0.0,2.0,-0.0,0.0,0.0,0.0,0.0,0.0,-1.0,0.0
3.0,0.0,1.0,0.0,6.0,3.0,0.0,0.0,0.0,0.0,0.0,2.0,-1.0,0.0
2.0,0.0,0.0,0.0,4.0,0.0,0.0,0.0,0.0,0.0,0.0,0.0,0.0,0.0
3.0,1.0,1.0,3.0,6.0,3.0,4.0,22.025,2.0,1.0,1.0,2.0,-1.0,1.0
1.0,0.0,0.0,0.0,2.0,0.0,-0.0,0.0,0.0,0.0,0.0,0.0,0.0,1.0
3.0,1.0,1.0,3.0,3.0,3.0,-1.0,15.5,1.0,1.0,2.0,1.0,-1.0,0.0
1.0,0.0,1.0,0.0,2.0,1.0,0.0,0.0,0.0,0.0,0.0,2.0,-1.0,1.0
3.0,0.0,1.0,0.0,3.0,3.0,0.0,0.0,0.0,0.0,0.0,1.0,-1.0,1.0
3.0,0.0,1.0,0.0,6.0,3.0,0.0,0.0,0.0,0.0,0.0,2.0,-1.0,0.0
2.0,1.0,1.0,2.0,4.0,2.0,32.0,13.0,2.0,1.0,1.0,2.0,-1.0,0.0
2.0,0.0,1.0,0.0,4.0,2.0,0.0,0.0,0.0,0.0,0.0,2.0,-1.0,1.0
3.0,1.0,1.0,3.0,6.0,3.0,19.0,7.8542,2.0,1.0,1.0,2.0,-1.0,0.0
2.0,0.0,0.0,0.0,4.0,0.0,0.0,0.0,0.0,0.0,0.0,0.0,0.0,1.0
1.0,1.0,0.0,1.0,0.0,0.0,44.0,27.7208,0.0,0.0,1.0,0.0,0.0,1.0
1.0,1.0,0.0,1.0,0.0,0.0,58.0,146.5208,0.0,0.0,2.0,0.0,0.0,1.0
3.0,0.0,1.0,0.0,3.0,3.0,-0.0,0.0,0.0,0.0,0.0,1.0,-1.0,1.0
3.0,0.0,1.0,0.0,6.0,3.0,0.0,0.0,0.0,0.0,0.0,2.0,-1.0,0.0
3.0,1.0,1.0,3.0,3.0,3.0,-1.0,7.75,1.0,1.0,1.0,1.0,-1.0,0.0
2.0,1.0,1.0,2.0,4.0,2.0,24.0,13.0,2.0,1.0,1.0,2.0,-1.0,1.0
3.0,0.0,1.0,0.0,6.0,3.0,0.0,0.0,0.0,0.0,0.0,2.0,-1.0,0.0
3.0,0.0,1.0,0.0,6.0,3.0,-0.0,0.0,0.0,0.0,0.0,2.0,-1.0,0.0
3.0,0.0,1.0,0.0,6.0,3.0,0.0,0.0,0.0,0.0,0.0,2.0,-1.0,0.0
3.0,0.0,1.0,0.0,0.0,3.0,0.0,0.0,0.0,0.0,0.0,0.0,-1.0,0.0
3.0,0.0,1.0,0.0,6.0,3.0,0.0,0.0,0.0,0.0,0.0,2.0,-1.0,0.0
3.0,1.0,0.0,3.0,6.0,0.0,2.0,10.4625,2.0,0.0,2.0,0.0,0.0,1.0
3.0,0.0,1.0,0.0,6.0,3.0,0.0,0.0,0.0,0.0,0.0,2.0,-1.0,0.0
3.0,0.0,1.0,0.0,0.0,3.0,0.0,0.0,0.0,0.0,0.0,0.0,-1.0,0.0
3.0,1.0,1.0,3.0,3.0,3.0,16.0,7.75,1.0,1.0,1.0,1.0,-1.0,1.0
1.0,0.0,0.0,0.0,0.0,0.0,0.0,0.0,0.0,0.0,0.0,0.0,0.0,1.0
3.0,0.0,1.0,0.0,6.0,3.0,0.0,0.0,0.0,0.0,0.0,2.0,-1.0,1.0
2.0,1.0,1.0,2.0,4.0,2.0,35.0,21.0,2.0,1.0,1.0,2.0,-1.0,0.0
3.0,0.0,1.0,0.0,6.0,3.0,0.0,0.0,0.0,0.0,0.0,2.0,-1.0,1.0
2.0,0.0,1.0,0.0,4.0,2.0,0.0,0.0,0.0,0.0,0.0,2.0,-1.0,0.0
3.0,0.0,1.0,0.0,3.0,3.0,-0.0,0.0,0.0,0.0,0.0,1.0,-1.0,0.0
1.0,1.0,0.0,1.0,0.0,0.0,31.0,113.275,0.0,0.0,3.0,0.0,0.0,0.0
3.0,1.0,1.0,3.0,6.0,3.0,27.0,7.925,2.0,1.0,1.0,2.0,-1.0,1.0
2.0,0.0,1.0,0.0,4.0,2.0,0.0,0.0,0.0,0.0,0.0,2.0,-1.0,1.0
1.0,1.0,0.0,1.0,0.0,0.0,32.0,76.2917,0.0,0.0,1.0,0.0,0.0,0.0
2.0,0.0,1.0,0.0,4.0,2.0,0.0,0.0,0.0,0.0,0.0,2.0,-1.0,1.0
3.0,0.0,1.0,0.0,6.0,3.0,0.0,0.0,0.0,0.0,0.0,2.0,-1.0,0.0
2.0,0.0,1.0,0.0,4.0,2.0,0.0,0.0,0.0,0.0,0.0,2.0,-1.0,1.0
3.0,0.0,1.0,0.0,6.0,3.0,0.0,0.0,0.0,0.0,0.0,2.0,-1.0,0.0
3.0,0.0,1.0,0.0,6.0,3.0,-0.0,0.0,0.0,0.0,0.0,2.0,-1.0,0.0
1.0,0.0,0.0,0.0,2.0,0.0,0.0,0.0,0.0,0.0,0.0,0.0,0.0,0.0
3.0,0.0,1.0,0.0,6.0,3.0,0.0,0.0,0.0,0.0,0.0,2.0,-1.0,1.0
2.0,0.0,1.0,0.0,4.0,2.0,0.0,0.0,0.0,0.0,0.0,2.0,-1.0,0.0
3.0,0.0,1.0,0.0,6.0,3.0,0.0,0.0,0.0,0.0,0.0,2.0,-1.0,1.0
2.0,0.0,1.0,0.0,4.0,2.0,0.0,0.0,0.0,0.0,0.0,2.0,-1.0,0.0
3.0,1.0,1.0,3.0,6.0,3.0,-1.0,25.4667,2.0,1.0,4.0,2.0,-1.0,0.0
1.0,1.0,0.0,1.0,2.0,0.0,35.0,83.475,2.0,0.0,2.0,0.0,0.0,0.0
3.0,0.0,1.0,0.0,6.0,3.0,0.0,0.0,0.0,0.0,0.0,2.0,-1.0,1.0
2.0,0.0,1.0,0.0,4.0,2.0,0.0,0.0,0.0,0.0,0.0,2.0,-1.0,0.0
3.0,1.0,1.0,3.0,6.0,3.0,5.0,31.3875,2.0,1.0,4.0,2.0,-1.0,0.0
2.0,0.0,1.0,0.0,4.0,2.0,0.0,0.0,0.0,0.0,0.0,2.0,-1.0,1.0
3.0,1.0,1.0,3.0,6.0,3.0,-1.0,7.55,2.0,1.0,1.0,2.0,-1.0,0.0
2.0,0.0,1.0,0.0,4.0,2.0,0.0,0.0,0.0,0.0,0.0,2.0,-1.0,0.0
2.0,1.0,1.0,2.0,4.0,2.0,8.0,26.25,2.0,1.0,3.0,2.0,-1.0,0.0
2.0,0.0,1.0,0.0,4.0,2.0,0.0,0.0,0.0,0.0,0.0,2.0,-1.0,1.0
2.0,0.0,1.0,0.0,4.0,2.0,0.0,0.0,0.0,0.0,0.0,2.0,-1.0,0.0
3.0,1.0,1.0,3.0,0.0,3.0,-1.0,14.4542,0.0,1.0,2.0,0.0,-1.0,0.0
3.0,1.0,1.0,3.0,3.0,3.0,-1.0,15.5,1.0,1.0,2.0,1.0,-1.0,0.0
2.0,0.0,1.0,0.0,4.0,2.0,0.0,0.0,0.0,0.0,0.0,2.0,-1.0,1.0
3.0,0.0,1.0,0.0,6.0,3.0,0.0,0.0,0.0,0.0,0.0,2.0,-1.0,0.0
3.0,0.0,1.0,0.0,0.0,3.0,0.0,0.0,0.0,0.0,0.0,0.0,-1.0,0.0
1.0,0.0,0.0,0.0,1.0,0.0,0.0,0.0,0.0,0.0,0.0,0.0,0.0,0.0
3.0,1.0,1.0,3.0,6.0,3.0,25.0,7.775,2.0,1.0,1.0,2.0,-1.0,0.0
2.0,1.0,1.0,2.0,4.0,2.0,24.0,14.5,2.0,1.0,2.0,2.0,-1.0,0.0
1.0,0.0,0.0,0.0,2.0,0.0,0.0,0.0,0.0,0.0,0.0,0.0,0.0,1.0
2.0,0.0,1.0,0.0,4.0,2.0,0.0,0.0,0.0,0.0,0.0,2.0,-1.0,1.0
3.0,0.0,1.0,0.0,6.0,3.0,-0.0,0.0,0.0,0.0,0.0,2.0,-1.0,0.0
3.0,1.0,0.0,3.0,6.0,0.0,29.0,10.4625,2.0,0.0,2.0,0.0,0.0,0.0
1.0,0.0,0.0,0.0,2.0,0.0,0.0,0.0,0.0,0.0,0.0,0.0,0.0,0.0
3.0,0.0,1.0,0.0,6.0,3.0,0.0,0.0,0.0,0.0,0.0,2.0,-1.0,0.0
3.0,1.0,1.0,3.0,6.0,3.0,41.0,20.2125,2.0,1.0,2.0,2.0,-1.0,0.0
3.0,1.0,1.0,3.0,0.0,3.0,29.0,15.2458,0.0,1.0,1.0,0.0,-1.0,0.0
1.0,1.0,1.0,1.0,0.0,1.0,-1.0,79.2,0.0,1.0,1.0,0.0,-1.0,1.0
1.0,1.0,0.0,1.0,2.0,0.0,30.0,86.5,2.0,0.0,3.0,0.0,0.0,1.0
1.0,1.0,1.0,1.0,0.0,1.0,35.0,512.3292,0.0,1.0,3.0,0.0,-1.0,1.0
2.0,1.0,1.0,2.0,4.0,2.0,50.0,26.0,2.0,1.0,2.0,2.0,-1.0,1.0
3.0,0.0,1.0,0.0,3.0,3.0,-0.0,0.0,0.0,0.0,0.0,1.0,-1.0,1.0
3.0,0.0,1.0,0.0,6.0,3.0,0.0,0.0,0.0,0.0,0.0,2.0,-1.0,0.0
1.0,0.0,0.0,0.0,2.0,0.0,0.0,0.0,0.0,0.0,0.0,0.0,0.0,1.0
1.0,0.0,0.0,0.0,2.0,0.0,0.0,0.0,0.0,0.0,0.0,0.0,0.0,0.0
3.0,1.0,1.0,3.0,3.0,3.0,-1.0,7.75,1.0,1.0,1.0,1.0,-1.0,0.0
2.0,0.0,1.0,0.0,4.0,2.0,0.0,0.0,0.0,0.0,0.0,2.0,-1.0,0.0
3.0,0.0,1.0,0.0,6.0,3.0,0.0,0.0,0.0,0.0,0.0,2.0,-1.0,0.0
3.0,0.0,1.0,0.0,6.0,3.0,0.0,0.0,0.0,0.0,0.0,2.0,-1.0,0.0
1.0,1.0,0.0,1.0,2.0,0.0,58.0,153.4625,2.0,0.0,3.0,0.0,0.0,1.0
1.0,1.0,0.0,1.0,2.0,0.0,35.0,135.6333,2.0,0.0,3.0,0.0,0.0,1.0
1.0,0.0,1.0,0.0,2.0,1.0,-0.0,0.0,0.0,0.0,0.0,2.0,-1.0,1.0
3.0,0.0,1.0,0.0,6.0,3.0,0.0,0.0,0.0,0.0,0.0,2.0,-1.0,0.0
2.0,1.0,1.0,2.0,4.0,2.0,41.0,19.5,2.0,1.0,2.0,2.0,-1.0,1.0
1.0,0.0,0.0,0.0,0.0,0.0,0.0,0.0,0.0,0.0,0.0,0.0,0.0,1.0
3.0,1.0,1.0,3.0,3.0,3.0,-1.0,7.75,1.0,1.0,1.0,1.0,-1.0,0.0
1.0,1.0,0.0,1.0,2.0,0.0,63.0,77.9583,2.0,0.0,3.0,0.0,0.0,1.0
3.0,1.0,1.0,3.0,6.0,3.0,45.0,7.75,2.0,1.0,1.0,2.0,-1.0,1.0
2.0,0.0,1.0,0.0,4.0,2.0,-0.0,0.0,0.0,0.0,0.0,2.0,-1.0,0.0
3.0,0.0,1.0,0.0,3.0,3.0,0.0,0.0,0.0,0.0,0.0,1.0,-1.0,0.0
3.0,1.0,1.0,3.0,6.0,3.0,35.0,20.25,2.0,1.0,2.0,2.0,-1.0,0.0
3.0,0.0,1.0,0.0,3.0,3.0,0.0,0.0,0.0,0.0,0.0,1.0,-1.0,1.0
3.0,0.0,1.0,0.0,6.0,3.0,0.0,0.0,0.0,0.0,0.0,2.0,-1.0,0.0
3.0,0.0,1.0,0.0,6.0,3.0,0.0,0.0,0.0,0.0,0.0,2.0,-1.0,0.0
3.0,0.0,1.0,0.0,6.0,3.0,0.0,0.0,0.0,0.0,0.0,2.0,-1.0,0.0
1.0,0.0,0.0,0.0,2.0,0.0,-0.0,0.0,0.0,0.0,0.0,0.0,0.0,1.0
3.0,0.0,1.0,0.0,0.0,3.0,0.0,0.0,0.0,0.0,0.0,0.0,-1.0,0.0
3.0,0.0,1.0,0.0,6.0,3.0,0.0,0.0,0.0,0.0,0.0,2.0,-1.0,0.0
3.0,0.0,1.0,0.0,6.0,3.0,0.0,0.0,0.0,0.0,0.0,2.0,-1.0,1.0
2.0,0.0,1.0,0.0,4.0,2.0,0.0,0.0,0.0,0.0,0.0,2.0,-1.0,0.0
3.0,1.0,1.0,3.0,3.0,3.0,22.0,7.75,1.0,1.0,1.0,1.0,-1.0,1.0
1.0,1.0,1.0,1.0,2.0,1.0,26.0,78.85,2.0,1.0,2.0,2.0,-1.0,1.0
1.0,1.0,0.0,1.0,0.0,0.0,19.0,91.0792,0.0,0.0,2.0,0.0,0.0,1.0
2.0,0.0,0.0,0.0,0.0,0.0,0.0,0.0,0.0,0.0,0.0,0.0,0.0,1.0
3.0,1.0,1.0,3.0,6.0,3.0,24.0,8.85,2.0,1.0,1.0,2.0,-1.0,0.0
3.0,0.0,1.0,0.0,6.0,3.0,0.0,0.0,0.0,0.0,0.0,2.0,-1.0,0.0
1.0,0.0,1.0,0.0,0.0,1.0,-0.0,0.0,0.0,0.0,0.0,0.0,-1.0,0.0
3.0,0.0,1.0,0.0,0.0,3.0,0.0,0.0,0.0,0.0,0.0,0.0,-1.0,0.0
1.0,1.0,0.0,1.0,2.0,0.0,2.0,151.55,2.0,0.0,4.0,0.0,0.0,0.0
1.0,0.0,0.0,0.0,2.0,0.0,-0.0,0.0,0.0,0.0,0.0,0.0,0.0,0.0
1.0,1.0,0.0,1.0,0.0,0.0,50.0,247.5208,0.0,0.0,2.0,0.0,0.0,1.0
3.0,1.0,1.0,3.0,3.0,3.0,-1.0,7.75,1.0,1.0,1.0,1.0,-1.0,1.0
3.0,0.0,1.0,0.0,3.0,3.0,-0.0,0.0,0.0,0.0,0.0,1.0,-1.0,1.0
3.0,0.0,1.0,0.0,6.0,3.0,0.0,0.0,0.0,0.0,0.0,2.0,-1.0,1.0
2.0,1.0,0.0,2.0,2.0,0.0,-1.0,12.35,1.0,0.0,1.0,0.0,0.0,0.0
3.0,0.0,1.0,0.0,6.0,3.0,-0.0,0.0,0.0,0.0,0.0,2.0,-1.0,1.0
1.0,0.0,0.0,0.0,2.0,0.0,0.0,0.0,0.0,0.0,0.0,0.0,0.0,0.0
1.0,1.0,1.0,1.0,0.0,1.0,-1.0,110.8833,0.0,1.0,4.0,0.0,-1.0,1.0
1.0,1.0,0.0,1.0,0.0,0.0,17.0,108.9,0.0,0.0,2.0,0.0,0.0,1.0
2.0,0.0,1.0,0.0,0.0,2.0,0.0,0.0,0.0,0.0,0.0,0.0,-1.0,1.0
1.0,1.0,0.0,1.0,0.0,0.0,30.0,56.9292,0.0,0.0,2.0,0.0,0.0,0.0
1.0,1.0,0.0,1.0,0.0,0.0,24.0,83.1583,0.0,0.0,2.0,0.0,0.0,1.0
1.0,1.0,0.0,1.0,0.0,0.0,18.0,262.375,0.0,0.0,2.0,0.0,0.0,1.0
2.0,1.0,1.0,2.0,4.0,2.0,26.0,26.0,2.0,1.0,1.0,2.0,-1.0,1.0
3.0,0.0,1.0,0.0,6.0,3.0,0.0,0.0,0.0,0.0,0.0,2.0,-1.0,0.0
2.0,0.0,1.0,0.0,4.0,2.0,0.0,0.0,0.0,0.0,0.0,2.0,-1.0,0.0
3.0,1.0,1.0,3.0,6.0,3.0,26.0,7.8542,2.0,1.0,1.0,2.0,-1.0,0.0
2.0,1.0,1.0,2.0,4.0,2.0,24.0,26.0,2.0,1.0,2.0,2.0,-1.0,1.0
2.0,0.0,1.0,0.0,4.0,2.0,0.0,0.0,0.0,0.0,0.0,2.0,-1.0,1.0
1.0,1.0,0.0,1.0,2.0,0.0,31.0,164.8667,2.0,0.0,2.0,0.0,0.0,0.0
1.0,1.0,0.0,1.0,0.0,0.0,40.0,134.5,0.0,0.0,2.0,0.0,0.0,1.0
3.0,0.0,1.0,0.0,6.0,3.0,0.0,0.0,0.0,0.0,0.0,2.0,-1.0,1.0
3.0,0.0,1.0,0.0,6.0,3.0,0.0,0.0,0.0,0.0,0.0,2.0,-1.0,0.0
2.0,1.0,1.0,2.0,2.0,2.0,30.0,12.35,1.0,1.0,1.0,1.0,-1.0,0.0
2.0,1.0,1.0,2.0,4.0,2.0,22.0,29.0,2.0,1.0,2.0,2.0,-1.0,1.0
3.0,0.0,1.0,0.0,6.0,3.0,-0.0,0.0,0.0,0.0,0.0,2.0,-1.0,1.0
1.0,1.0,0.0,1.0,0.0,0.0,36.0,135.6333,0.0,0.0,3.0,0.0,0.0,0.0
3.0,0.0,1.0,0.0,6.0,3.0,0.0,0.0,0.0,0.0,0.0,2.0,-1.0,1.0
2.0,1.0,0.0,2.0,4.0,0.0,36.0,13.0,2.0,0.0,1.0,0.0,0.0,0.0
3.0,1.0,1.0,3.0,6.0,3.0,31.0,20.525,2.0,1.0,3.0,2.0,-1.0,1.0
1.0,1.0,0.0,1.0,0.0,0.0,16.0,57.9792,0.0,0.0,2.0,0.0,0.0,1.0
3.0,1.0,1.0,3.0,3.0,3.0,-1.0,23.25,1.0,1.0,2.0,1.0,-1.0,1.0
1.0,0.0,0.0,0.0,2.0,0.0,0.0,0.0,0.0,0.0,0.0,0.0,0.0,1.0
1.0,0.0,0.0,0.0,2.0,0.0,0.0,0.0,0.0,0.0,0.0,0.0,0.0,0.0
3.0,0.0,1.0,0.0,6.0,3.0,0.0,0.0,0.0,0.0,0.0,2.0,-1.0,0.0
1.0,1.0,1.0,1.0,2.0,1.0,-1.0,133.65,2.0,1.0,2.0,2.0,-1.0,0.0
3.0,0.0,1.0,0.0,6.0,3.0,-0.0,0.0,0.0,0.0,0.0,2.0,-1.0,1.0
1.0,0.0,0.0,0.0,2.0,0.0,0.0,0.0,0.0,0.0,0.0,0.0,0.0,0.0
1.0,1.0,0.0,1.0,0.0,0.0,41.0,134.5,0.0,0.0,2.0,0.0,0.0,0.0
3.0,0.0,1.0,0.0,6.0,3.0,0.0,0.0,0.0,0.0,0.0,2.0,-1.0,1.0
1.0,0.0,0.0,0.0,2.0,0.0,0.0,0.0,0.0,0.0,0.0,0.0,0.0,1.0
2.0,0.0,0.0,0.0,4.0,0.0,0.0,0.0,0.0,0.0,0.0,0.0,0.0,0.0
1.0,1.0,0.0,1.0,2.0,0.0,24.0,263.0,2.0,0.0,4.0,0.0,0.0,1.0
2.0,0.0,1.0,0.0,4.0,2.0,0.0,0.0,0.0,0.0,0.0,2.0,-1.0,1.0
2.0,0.0,1.0,0.0,4.0,2.0,0.0,0.0,0.0,0.0,0.0,2.0,-1.0,0.0
2.0,0.0,1.0,0.0,4.0,2.0,0.0,0.0,0.0,0.0,0.0,2.0,-1.0,0.0
2.0,1.0,0.0,2.0,4.0,0.0,24.0,13.0,2.0,0.0,1.0,0.0,0.0,0.0
2.0,1.0,1.0,2.0,4.0,2.0,40.0,13.0,2.0,1.0,1.0,2.0,-1.0,1.0
3.0,1.0,1.0,3.0,6.0,3.0,-1.0,16.1,2.0,1.0,1.0,2.0,-1.0,1.0
3.0,0.0,1.0,0.0,6.0,3.0,0.0,0.0,0.0,0.0,0.0,2.0,-1.0,1.0
3.0,0.0,1.0,0.0,6.0,3.0,0.0,0.0,0.0,0.0,0.0,2.0,-1.0,1.0
3.0,0.0,1.0,0.0,6.0,3.0,0.0,0.0,0.0,0.0,0.0,2.0,-1.0,0.0
1.0,0.0,0.0,0.0,2.0,0.0,-0.0,0.0,0.0,0.0,0.0,0.0,0.0,0.0
3.0,0.0,1.0,0.0,0.0,3.0,0.0,0.0,0.0,0.0,0.0,0.0,-1.0,0.0
3.0,0.0,1.0,0.0,6.0,3.0,0.0,0.0,0.0,0.0,0.0,2.0,-1.0,0.0
3.0,0.0,1.0,0.0,0.0,3.0,-0.0,0.0,0.0,0.0,0.0,0.0,-1.0,0.0
3.0,0.0,1.0,0.0,6.0,3.0,0.0,0.0,0.0,0.0,0.0,2.0,-1.0,0.0
1.0,1.0,0.0,1.0,2.0,0.0,22.0,55.0,2.0,0.0,2.0,0.0,0.0,0.0
2.0,1.0,1.0,2.0,4.0,2.0,38.0,13.0,2.0,1.0,1.0,2.0,-1.0,1.0
3.0,1.0,1.0,3.0,3.0,3.0,-1.0,7.8792,1.0,1.0,1.0,1.0,-1.0,0.0
3.0,1.0,1.0,3.0,3.0,3.0,-1.0,7.8792,1.0,1.0,1.0,1.0,-1.0,1.0
3.0,0.0,1.0,0.0,6.0,3.0,0.0,0.0,0.0,0.0,0.0,2.0,-1.0,1.0
2.0,0.0,1.0,0.0,0.0,2.0,0.0,0.0,0.0,0.0,0.0,0.0,-1.0,0.0
3.0,1.0,1.0,3.0,0.0,3.0,45.0,14.4542,0.0,1.0,2.0,0.0,-1.0,0.0
3.0,0.0,1.0,0.0,6.0,3.0,0.0,0.0,0.0,0.0,0.0,2.0,-1.0,0.0
3.0,0.0,1.0,0.0,3.0,3.0,-0.0,0.0,0.0,0.0,0.0,1.0,-1.0,0.0
3.0,0.0,1.0,0.0,6.0,3.0,0.0,0.0,0.0,0.0,0.0,2.0,-1.0,0.0
1.0,1.0,0.0,1.0,0.0,0.0,60.0,75.25,0.0,0.0,1.0,0.0,0.0,0.0
3.0,1.0,1.0,3.0,0.0,3.0,-1.0,7.2292,0.0,1.0,1.0,0.0,-1.0,1.0
3.0,1.0,1.0,3.0,3.0,3.0,-1.0,7.75,1.0,1.0,1.0,1.0,-1.0,1.0
1.0,1.0,0.0,1.0,0.0,0.0,24.0,69.3,0.0,0.0,2.0,0.0,0.0,1.0
1.0,0.0,0.0,0.0,0.0,0.0,0.0,0.0,0.0,0.0,0.0,0.0,0.0,1.0
3.0,0.0,1.0,0.0,6.0,3.0,0.0,0.0,0.0,0.0,0.0,2.0,-1.0,1.0
3.0,0.0,1.0,0.0,6.0,3.0,0.0,0.0,0.0,0.0,0.0,2.0,-1.0,0.0
1.0,0.0,1.0,0.0,0.0,1.0,0.0,0.0,0.0,0.0,0.0,0.0,-1.0,0.0
3.0,1.0,1.0,3.0,6.0,3.0,3.0,21.075,2.0,1.0,4.0,2.0,-1.0,0.0
1.0,1.0,1.0,1.0,0.0,1.0,-1.0,82.1708,0.0,1.0,2.0,0.0,-1.0,0.0
3.0,1.0,1.0,3.0,6.0,3.0,22.0,7.25,2.0,1.0,1.0,2.0,-1.0,1.0
1.0,0.0,0.0,0.0,0.0,0.0,0.0,0.0,0.0,0.0,0.0,0.0,0.0,1.0
3.0,0.0,1.0,0.0,0.0,3.0,0.0,0.0,0.0,0.0,0.0,0.0,-1.0,0.0
3.0,0.0,1.0,0.0,6.0,3.0,0.0,0.0,0.0,0.0,0.0,2.0,-1.0,0.0
1.0,1.0,1.0,1.0,0.0,1.0,42.0,227.525,0.0,1.0,4.0,0.0,-1.0,0.0
3.0,1.0,1.0,3.0,0.0,3.0,1.0,15.7417,0.0,1.0,2.0,0.0,-1.0,1.0
3.0,0.0,1.0,0.0,6.0,3.0,0.0,0.0,0.0,0.0,0.0,2.0,-1.0,1.0
1.0,1.0,1.0,1.0,2.0,1.0,35.0,52.0,2.0,1.0,2.0,2.0,-1.0,0.0
3.0,0.0,1.0,0.0,6.0,3.0,-0.0,0.0,0.0,0.0,0.0,2.0,-1.0,1.0
2.0,0.0,1.0,0.0,4.0,2.0,0.0,0.0,0.0,0.0,0.0,2.0,-1.0,0.0
3.0,0.0,1.0,0.0,6.0,3.0,0.0,0.0,0.0,0.0,0.0,2.0,-1.0,0.0
2.0,1.0,1.0,2.0,4.0,2.0,36.0,13.0,2.0,1.0,1.0,2.0,-1.0,0.0
3.0,0.0,1.0,0.0,3.0,3.0,-0.0,0.0,0.0,0.0,0.0,1.0,-1.0,1.0
2.0,1.0,1.0,2.0,0.0,2.0,17.0,12.0,0.0,1.0,1.0,0.0,-1.0,0.0
1.0,0.0,0.0,0.0,2.0,0.0,0.0,0.0,0.0,0.0,0.0,0.0,0.0,1.0
3.0,0.0,1.0,0.0,6.0,3.0,0.0,0.0,0.0,0.0,0.0,2.0,-1.0,1.0
3.0,0.0,1.0,0.0,6.0,3.0,0.0,0.0,0.0,0.0,0.0,2.0,-1.0,1.0
1.0,1.0,0.0,1.0,0.0,0.0,23.0,113.275,0.0,0.0,3.0,0.0,0.0,0.0
3.0,1.0,0.0,3.0,6.0,0.0,24.0,16.7,2.0,0.0,2.0,0.0,0.0,1.0
3.0,0.0,1.0,0.0,6.0,3.0,0.0,0.0,0.0,0.0,0.0,2.0,-1.0,1.0
3.0,1.0,1.0,3.0,6.0,3.0,31.0,7.8542,2.0,1.0,1.0,2.0,-1.0,0.0
2.0,0.0,1.0,0.0,4.0,2.0,0.0,0.0,0.0,0.0,0.0,2.0,-1.0,0.0
2.0,0.0,1.0,0.0,4.0,2.0,0.0,0.0,0.0,0.0,0.0,2.0,-1.0,0.0
2.0,1.0,1.0,2.0,4.0,2.0,28.0,12.65,2.0,1.0,1.0,2.0,-1.0,0.0
3.0,0.0,1.0,0.0,6.0,3.0,0.0,0.0,0.0,0.0,0.0,2.0,-1.0,1.0
3.0,0.0,1.0,0.0,6.0,3.0,0.0,0.0,0.0,0.0,0.0,2.0,-1.0,1.0
3.0,1.0,1.0,3.0,6.0,3.0,21.0,9.825,2.0,1.0,1.0,2.0,-1.0,0.0
3.0,0.0,1.0,0.0,6.0,3.0,0.0,0.0,0.0,0.0,0.0,2.0,-1.0,0.0
3.0,1.0,1.0,3.0,6.0,3.0,20.0,8.6625,2.0,1.0,1.0,2.0,-1.0,0.0
2.0,0.0,1.0,0.0,4.0,2.0,0.0,0.0,0.0,0.0,0.0,2.0,-1.0,0.0
3.0,0.0,1.0,0.0,6.0,3.0,0.0,0.0,0.0,0.0,0.0,2.0,-1.0,0.0
2.0,0.0,1.0,0.0,4.0,2.0,0.0,0.0,0.0,0.0,0.0,2.0,-1.0,0.0
3.0,0.0,1.0,0.0,6.0,3.0,0.0,0.0,0.0,0.0,0.0,2.0,-1.0,1.0
3.0,1.0,1.0,3.0,6.0,3.0,-1.0,25.4667,2.0,1.0,4.0,2.0,-1.0,0.0
3.0,0.0,1.0,0.0,6.0,3.0,-0.0,0.0,0.0,0.0,0.0,2.0,-1.0,0.0
3.0,0.0,1.0,0.0,3.0,3.0,-0.0,0.0,0.0,0.0,0.0,1.0,-1.0,0.0
1.0,1.0,0.0,1.0,1.0,0.0,33.0,90.0,1.0,0.0,2.0,0.0,0.0,0.0
2.0,0.0,1.0,0.0,4.0,2.0,-0.0,0.0,0.0,0.0,0.0,2.0,-1.0,1.0
3.0,0.0,1.0,0.0,6.0,3.0,0.0,0.0,0.0,0.0,0.0,2.0,-1.0,0.0
3.0,1.0,1.0,3.0,6.0,3.0,-1.0,8.05,2.0,1.0,1.0,2.0,-1.0,1.0
2.0,1.0,1.0,2.0,4.0,2.0,34.0,32.5,2.0,1.0,1.0,2.0,-1.0,0.0
2.0,1.0,1.0,2.0,4.0,2.0,18.0,13.0,2.0,1.0,1.0,2.0,-1.0,1.0
2.0,0.0,1.0,0.0,4.0,2.0,0.0,0.0,0.0,0.0,0.0,2.0,-1.0,1.0
3.0,1.0,1.0,3.0,6.0,3.0,10.0,24.15,2.0,1.0,3.0,2.0,-1.0,0.0
3.0,0.0,1.0,0.0,0.0,3.0,-0.0,0.0,0.0,0.0,0.0,0.0,-1.0,0.0
3.0,0.0,1.0,0.0,3.0,3.0,0.0,0.0,0.0,0.0,0.0,1.0,-1.0,0.0
3.0,0.0,1.0,0.0,6.0,3.0,0.0,0.0,0.0,0.0,0.0,2.0,-1.0,0.0
3.0,1.0,1.0,3.0,6.0,3.0,28.0,14.4,2.0,1.0,2.0,2.0,-1.0,0.0
3.0,0.0,1.0,0.0,6.0,3.0,0.0,0.0,0.0,0.0,0.0,2.0,-1.0,0.0
3.0,0.0,1.0,0.0,6.0,3.0,-0.0,0.0,0.0,0.0,0.0,2.0,-1.0,0.0
2.0,1.0,1.0,2.0,4.0,2.0,28.0,26.0,2.0,1.0,1.0,2.0,-1.0,0.0
2.0,1.0,1.0,2.0,4.0,2.0,19.0,26.0,2.0,1.0,2.0,2.0,-1.0,1.0
3.0,0.0,1.0,0.0,3.0,3.0,-0.0,0.0,0.0,0.0,0.0,1.0,-1.0,1.0
3.0,0.0,0.0,0.0,6.0,0.0,0.0,0.0,0.0,0.0,0.0,0.0,0.0,0.0
1.0,0.0,0.0,0.0,2.0,0.0,0.0,0.0,0.0,0.0,0.0,0.0,0.0,1.0
3.0,1.0,1.0,3.0,6.0,3.0,-1.0,16.1,2.0,1.0,2.0,2.0,-1.0,1.0
2.0,1.0,1.0,2.0,4.0,2.0,42.0,26.0,2.0,1.0,1.0,2.0,-1.0,1.0
3.0,0.0,1.0,0.0,6.0,3.0,0.0,0.0,0.0,0.0,0.0,2.0,-1.0,1.0
1.0,0.0,0.0,0.0,2.0,0.0,0.0,0.0,0.0,0.0,0.0,0.0,0.0,0.0
1.0,1.0,0.0,1.0,2.0,0.0,14.0,120.0,2.0,0.0,4.0,0.0,0.0,0.0
3.0,1.0,1.0,3.0,6.0,3.0,21.0,34.375,2.0,1.0,4.0,2.0,-1.0,1.0
2.0,1.0,1.0,2.0,4.0,2.0,24.0,18.75,2.0,1.0,3.0,2.0,-1.0,0.0
1.0,0.0,0.0,0.0,2.0,0.0,0.0,0.0,0.0,0.0,0.0,0.0,0.0,1.0
2.0,0.0,1.0,0.0,4.0,2.0,0.0,0.0,0.0,0.0,0.0,2.0,-1.0,0.0
2.0,1.0,1.0,2.0,4.0,2.0,45.0,26.25,2.0,1.0,3.0,2.0,-1.0,0.0
3.0,0.0,1.0,0.0,6.0,3.0,0.0,0.0,0.0,0.0,0.0,2.0,-1.0,1.0
3.0,0.0,1.0,0.0,6.0,3.0,0.0,0.0,0.0,0.0,0.0,2.0,-1.0,0.0
2.0,1.0,1.0,2.0,4.0,2.0,28.0,13.0,2.0,1.0,1.0,2.0,-1.0,0.0
3.0,0.0,1.0,0.0,6.0,3.0,-0.0,0.0,0.0,0.0,0.0,2.0,-1.0,1.0
1.0,0.0,0.0,0.0,2.0,0.0,0.0,0.0,0.0,0.0,0.0,0.0,0.0,1.0
2.0,1.0,1.0,2.0,4.0,2.0,13.0,19.5,2.0,1.0,2.0,2.0,-1.0,1.0
1.0,0.0,1.0,0.0,2.0,1.0,0.0,0.0,0.0,0.0,0.0,2.0,-1.0,1.0
3.0,1.0,1.0,3.0,0.0,3.0,5.0,19.2583,0.0,1.0,4.0,0.0,-1.0,1.0
1.0,0.0,0.0,0.0,2.0,0.0,0.0,0.0,0.0,0.0,0.0,0.0,0.0,1.0
2.0,0.0,1.0,0.0,4.0,2.0,0.0,0.0,0.0,0.0,0.0,2.0,-1.0,1.0
3.0,0.0,1.0,0.0,6.0,3.0,-0.0,0.0,0.0,0.0,0.0,2.0,-1.0,0.0
1.0,0.0,0.0,0.0,0.0,0.0,0.0,0.0,0.0,0.0,0.0,0.0,0.0,0.0
1.0,0.0,0.0,0.0,0.0,0.0,0.0,0.0,0.0,0.0,0.0,0.0,0.0,0.0
3.0,0.0,1.0,0.0,6.0,3.0,-0.0,0.0,0.0,0.0,0.0,2.0,-1.0,1.0
3.0,0.0,1.0,0.0,0.0,3.0,0.0,0.0,0.0,0.0,0.0,0.0,-1.0,0.0
1.0,0.0,0.0,0.0,2.0,0.0,0.0,0.0,0.0,0.0,0.0,0.0,0.0,1.0
1.0,1.0,0.0,1.0,2.0,0.0,-1.0,51.8625,2.0,0.0,1.0,0.0,0.0,0.0
2.0,1.0,1.0,2.0,4.0,2.0,50.0,10.5,2.0,1.0,1.0,2.0,-1.0,1.0
3.0,0.0,1.0,0.0,3.0,3.0,-0.0,0.0,0.0,0.0,0.0,1.0,-1.0,1.0
1.0,0.0,0.0,0.0,2.0,0.0,0.0,0.0,0.0,0.0,0.0,0.0,0.0,0.0
3.0,0.0,1.0,0.0,6.0,3.0,0.0,0.0,0.0,0.0,0.0,2.0,-1.0,1.0
1.0,0.0,0.0,0.0,2.0,0.0,0.0,0.0,0.0,0.0,0.0,0.0,0.0,0.0
2.0,0.0,1.0,0.0,4.0,2.0,0.0,0.0,0.0,0.0,0.0,2.0,-1.0,0.0
3.0,0.0,1.0,0.0,6.0,3.0,-0.0,0.0,0.0,0.0,0.0,2.0,-1.0,0.0
3.0,0.0,1.0,0.0,6.0,3.0,0.0,0.0,0.0,0.0,0.0,2.0,-1.0,0.0
2.0,0.0,1.0,0.0,4.0,2.0,-0.0,0.0,0.0,0.0,0.0,2.0,-1.0,0.0
1.0,0.0,1.0,0.0,2.0,1.0,0.0,0.0,0.0,0.0,0.0,2.0,-1.0,0.0
3.0,0.0,1.0,0.0,3.0,3.0,-0.0,0.0,0.0,0.0,0.0,1.0,-1.0,0.0
3.0,1.0,1.0,3.0,0.0,3.0,0.75,19.2583,0.0,1.0,4.0,0.0,-1.0,0.0
3.0,0.0,1.0,0.0,6.0,3.0,-0.0,0.0,0.0,0.0,0.0,2.0,-1.0,1.0
3.0,0.0,1.0,0.0,6.0,3.0,0.0,0.0,0.0,0.0,0.0,2.0,-1.0,0.0
2.0,1.0,1.0,2.0,4.0,2.0,33.0,27.75,2.0,1.0,3.0,2.0,-1.0,0.0
2.0,1.0,0.0,2.0,0.0,0.0,23.0,13.7917,0.0,0.0,1.0,0.0,0.0,1.0
3.0,1.0,1.0,3.0,6.0,3.0,22.0,9.8375,2.0,1.0,1.0,2.0,-1.0,1.0
1.0,0.0,0.0,0.0,2.0,0.0,-0.0,0.0,0.0,0.0,0.0,0.0,0.0,0.0
2.0,0.0,1.0,0.0,4.0,2.0,0.0,0.0,0.0,0.0,0.0,2.0,-1.0,0.0
3.0,0.0,1.0,0.0,6.0,3.0,0.0,0.0,0.0,0.0,0.0,2.0,-1.0,0.0
3.0,0.0,1.0,0.0,6.0,3.0,0.0,0.0,0.0,0.0,0.0,2.0,-1.0,0.0
3.0,1.0,1.0,3.0,6.0,3.0,2.0,12.2875,2.0,1.0,1.0,2.0,-1.0,0.0
3.0,0.0,1.0,0.0,6.0,3.0,0.0,0.0,0.0,0.0,0.0,2.0,-1.0,1.0
2.0,0.0,1.0,0.0,4.0,2.0,-0.0,0.0,0.0,0.0,0.0,2.0,-1.0,0.0
3.0,0.0,1.0,0.0,6.0,3.0,0.0,0.0,0.0,0.0,0.0,2.0,-1.0,0.0
3.0,1.0,1.0,3.0,6.0,3.0,63.0,9.5875,2.0,1.0,1.0,2.0,-1.0,0.0
1.0,0.0,0.0,0.0,0.0,0.0,0.0,0.0,0.0,0.0,0.0,0.0,0.0,1.0
3.0,1.0,1.0,3.0,6.0,3.0,-1.0,25.4667,2.0,1.0,4.0,2.0,-1.0,1.0
1.0,1.0,0.0,1.0,2.0,0.0,35.0,90.0,2.0,0.0,2.0,0.0,0.0,0.0
1.0,0.0,0.0,0.0,0.0,0.0,0.0,0.0,0.0,0.0,0.0,0.0,0.0,1.0
3.0,0.0,1.0,0.0,6.0,3.0,0.0,0.0,0.0,0.0,0.0,2.0,-1.0,0.0
3.0,0.0,1.0,0.0,6.0,3.0,0.0,0.0,0.0,0.0,0.0,2.0,-1.0,0.0
3.0,0.0,1.0,0.0,6.0,3.0,-0.0,0.0,0.0,0.0,0.0,2.0,-1.0,1.0
3.0,0.0,1.0,0.0,6.0,3.0,0.0,0.0,0.0,0.0,0.0,2.0,-1.0,0.0
1.0,0.0,0.0,0.0,2.0,0.0,0.0,0.0,0.0,0.0,0.0,0.0,0.0,0.0
1.0,0.0,1.0,0.0,0.0,1.0,0.0,0.0,0.0,0.0,0.0,0.0,-1.0,0.0
3.0,0.0,1.0,0.0,6.0,3.0,0.0,0.0,0.0,0.0,0.0,2.0,-1.0,0.0
3.0,0.0,1.0,0.0,0.0,3.0,-0.0,0.0,0.0,0.0,0.0,0.0,-1.0,0.0
1.0,1.0,0.0,1.0,0.0,0.0,54.0,78.2667,0.0,0.0,2.0,0.0,0.0,0.0
3.0,0.0,1.0,0.0,6.0,3.0,-0.0,0.0,0.0,0.0,0.0,2.0,-1.0,1.0
1.0,1.0,0.0,1.0,2.0,0.0,25.0,151.55,2.0,0.0,4.0,0.0,0.0,0.0
3.0,0.0,1.0,0.0,6.0,3.0,0.0,0.0,0.0,0.0,0.0,2.0,-1.0,0.0
3.0,0.0,1.0,0.0,6.0,3.0,0.0,0.0,0.0,0.0,0.0,2.0,-1.0,0.0
3.0,1.0,1.0,3.0,3.0,3.0,21.0,7.75,1.0,1.0,1.0,1.0,-1.0,0.0
3.0,1.0,1.0,3.0,3.0,3.0,-1.0,7.6292,1.0,1.0,1.0,1.0,-1.0,0.0
3.0,1.0,1.0,3.0,6.0,3.0,37.0,9.5875,2.0,1.0,1.0,2.0,-1.0,0.0
1.0,1.0,0.0,1.0,2.0,0.0,16.0,86.5,2.0,0.0,3.0,0.0,0.0,0.0
1.0,0.0,0.0,0.0,0.0,0.0,0.0,0.0,0.0,0.0,0.0,0.0,0.0,1.0
2.0,1.0,1.0,2.0,4.0,2.0,33.0,26.0,2.0,1.0,2.0,2.0,-1.0,0.0
1.0,0.0,1.0,0.0,2.0,1.0,-0.0,0.0,0.0,0.0,0.0,2.0,-1.0,1.0
3.0,0.0,1.0,0.0,6.0,3.0,0.0,0.0,0.0,0.0,0.0,2.0,-1.0,1.0
3.0,0.0,1.0,0.0,6.0,3.0,0.0,0.0,0.0,0.0,0.0,2.0,-1.0,0.0
3.0,0.0,1.0,0.0,3.0,3.0,0.0,0.0,0.0,0.0,0.0,1.0,-1.0,1.0
3.0,0.0,1.0,0.0,6.0,3.0,-0.0,0.0,0.0,0.0,0.0,2.0,-1.0,1.0
1.0,0.0,0.0,0.0,2.0,0.0,0.0,0.0,0.0,0.0,0.0,0.0,0.0,0.0
1.0,1.0,1.0,1.0,0.0,1.0,54.0,59.4,0.0,1.0,1.0,0.0,-1.0,1.0
3.0,0.0,1.0,0.0,6.0,3.0,0.0,0.0,0.0,0.0,0.0,2.0,-1.0,1.0
1.0,0.0,0.0,0.0,2.0,0.0,0.0,0.0,0.0,0.0,0.0,0.0,0.0,0.0
2.0,1.0,0.0,2.0,4.0,0.0,34.0,10.5,2.0,0.0,1.0,0.0,0.0,0.0
3.0,0.0,1.0,0.0,3.0,3.0,-0.0,0.0,0.0,0.0,0.0,1.0,-1.0,1.0
2.0,1.0,1.0,2.0,4.0,2.0,36.0,26.0,2.0,1.0,1.0,2.0,-1.0,0.0
3.0,0.0,1.0,0.0,6.0,3.0,0.0,0.0,0.0,0.0,0.0,2.0,-1.0,1.0
1.0,1.0,0.0,1.0,2.0,0.0,30.0,93.5,2.0,0.0,2.0,0.0,0.0,0.0
3.0,0.0,1.0,0.0,6.0,3.0,0.0,0.0,0.0,0.0,0.0,2.0,-1.0,1.0
3.0,0.0,1.0,0.0,0.0,3.0,-0.0,0.0,0.0,0.0,0.0,0.0,-1.0,0.0
1.0,1.0,0.0,1.0,0.0,0.0,44.0,57.9792,0.0,0.0,2.0,0.0,0.0,0.0
3.0,0.0,1.0,0.0,0.0,3.0,-0.0,0.0,0.0,0.0,0.0,0.0,-1.0,1.0
3.0,0.0,1.0,0.0,3.0,3.0,0.0,0.0,0.0,0.0,0.0,1.0,-1.0,0.0
2.0,1.0,1.0,2.0,4.0,2.0,50.0,10.5,2.0,1.0,1.0,2.0,-1.0,0.0
1.0,0.0,0.0,0.0,2.0,0.0,-0.0,0.0,0.0,0.0,0.0,0.0,0.0,1.0
3.0,0.0,1.0,0.0,6.0,3.0,0.0,0.0,0.0,0.0,0.0,2.0,-1.0,0.0
2.0,0.0,1.0,0.0,4.0,2.0,0.0,0.0,0.0,0.0,0.0,2.0,-1.0,0.0
2.0,1.0,1.0,2.0,4.0,2.0,2.0,26.0,2.0,1.0,2.0,2.0,-1.0,0.0
3.0,0.0,1.0,0.0,0.0,3.0,-0.0,0.0,0.0,0.0,0.0,0.0,-1.0,1.0
3.0,0.0,1.0,0.0,0.0,3.0,0.0,0.0,0.0,0.0,0.0,0.0,-1.0,0.0
3.0,1.0,1.0,3.0,0.0,3.0,-1.0,22.3583,0.0,1.0,2.0,0.0,-1.0,0.0
3.0,1.0,1.0,3.0,6.0,3.0,30.0,8.6625,2.0,1.0,1.0,2.0,-1.0,1.0
2.0,1.0,1.0,2.0,4.0,2.0,7.0,26.25,2.0,1.0,3.0,2.0,-1.0,0.0
1.0,0.0,0.0,0.0,2.0,0.0,0.0,0.0,0.0,0.0,0.0,0.0,0.0,1.0
1.0,1.0,1.0,1.0,0.0,1.0,30.0,106.425,0.0,1.0,2.0,0.0,-1.0,0.0
3.0,0.0,1.0,0.0,6.0,3.0,-0.0,0.0,0.0,0.0,0.0,2.0,-1.0,1.0
1.0,1.0,0.0,1.0,0.0,0.0,22.0,49.5,0.0,0.0,1.0,0.0,0.0,0.0
1.0,1.0,0.0,1.0,2.0,0.0,36.0,71.0,2.0,0.0,2.0,0.0,0.0,1.0
3.0,1.0,1.0,3.0,6.0,3.0,9.0,31.275,2.0,1.0,7.0,2.0,-1.0,1.0
3.0,1.0,1.0,3.0,6.0,3.0,11.0,31.275,2.0,1.0,7.0,2.0,-1.0,0.0
2.0,0.0,1.0,0.0,4.0,2.0,0.0,0.0,0.0,0.0,0.0,2.0,-1.0,0.0
1.0,0.0,0.0,0.0,0.0,0.0,0.0,0.0,0.0,0.0,0.0,0.0,0.0,1.0
1.0,0.0,1.0,0.0,2.0,1.0,0.0,0.0,0.0,0.0,0.0,2.0,-1.0,0.0
2.0,1.0,1.0,2.0,4.0,2.0,19.0,26.0,2.0,1.0,2.0,2.0,-1.0,0.0
2.0,0.0,1.0,0.0,0.0,2.0,-0.0,0.0,0.0,0.0,0.0,0.0,-1.0,1.0
3.0,0.0,1.0,0.0,6.0,3.0,0.0,0.0,0.0,0.0,0.0,2.0,-1.0,1.0
2.0,0.0,1.0,0.0,4.0,2.0,0.0,0.0,0.0,0.0,0.0,2.0,-1.0,0.0
1.0,0.0,0.0,0.0,0.0,0.0,0.0,0.0,0.0,0.0,0.0,0.0,0.0,1.0
2.0,0.0,1.0,0.0,4.0,2.0,0.0,0.0,0.0,0.0,0.0,2.0,-1.0,1.0
3.0,0.0,1.0,0.0,3.0,3.0,-0.0,0.0,0.0,0.0,0.0,1.0,-1.0,0.0
3.0,0.0,1.0,0.0,0.0,3.0,0.0,0.0,0.0,0.0,0.0,0.0,-1.0,0.0
3.0,1.0,1.0,3.0,6.0,3.0,22.0,7.775,2.0,1.0,1.0,2.0,-1.0,1.0
1.0,0.0,1.0,0.0,2.0,1.0,0.0,0.0,0.0,0.0,0.0,2.0,-1.0,1.0
1.0,1.0,0.0,1.0,0.0,0.0,48.0,39.6,0.0,0.0,1.0,0.0,0.0,0.0
1.0,0.0,1.0,0.0,0.0,1.0,-0.0,0.0,0.0,0.0,0.0,0.0,-1.0,1.0
1.0,1.0,0.0,1.0,2.0,0.0,39.0,79.65,2.0,0.0,3.0,0.0,0.0,0.0
3.0,1.0,1.0,3.0,6.0,3.0,36.0,17.4,2.0,1.0,1.0,2.0,-1.0,1.0
3.0,0.0,1.0,0.0,3.0,3.0,-0.0,0.0,0.0,0.0,0.0,1.0,-1.0,1.0
3.0,0.0,1.0,0.0,6.0,3.0,0.0,0.0,0.0,0.0,0.0,2.0,-1.0,0.0
2.0,0.0,1.0,0.0,4.0,2.0,0.0,0.0,0.0,0.0,0.0,2.0,-1.0,0.0
3.0,0.0,1.0,0.0,6.0,3.0,-0.0,0.0,0.0,0.0,0.0,2.0,-1.0,0.0
3.0,1.0,1.0,3.0,6.0,3.0,-1.0,8.05,2.0,1.0,1.0,2.0,-1.0,0.0
3.0,0.0,1.0,0.0,6.0,3.0,0.0,0.0,0.0,0.0,0.0,2.0,-1.0,0.0
3.0,0.0,1.0,0.0,6.0,3.0,0.0,0.0,0.0,0.0,0.0,2.0,-1.0,0.0
3.0,1.0,1.0,3.0,6.0,3.0,29.0,21.075,2.0,1.0,4.0,2.0,-1.0,0.0
3.0,0.0,1.0,0.0,0.0,3.0,-0.0,0.0,0.0,0.0,0.0,0.0,-1.0,0.0
3.0,0.0,1.0,0.0,6.0,3.0,0.0,0.0,0.0,0.0,0.0,2.0,-1.0,0.0
2.0,0.0,1.0,0.0,4.0,2.0,0.0,0.0,0.0,0.0,0.0,2.0,-1.0,1.0
1.0,1.0,0.0,1.0,2.0,0.0,53.0,51.4792,2.0,0.0,1.0,0.0,0.0,1.0
1.0,0.0,0.0,0.0,2.0,0.0,0.0,0.0,0.0,0.0,0.0,0.0,0.0,1.0
3.0,1.0,1.0,3.0,3.0,3.0,-1.0,7.75,1.0,1.0,1.0,1.0,-1.0,1.0
3.0,0.0,1.0,0.0,6.0,3.0,0.0,0.0,0.0,0.0,0.0,2.0,-1.0,1.0
3.0,0.0,1.0,0.0,6.0,3.0,0.0,0.0,0.0,0.0,0.0,2.0,-1.0,0.0
2.0,1.0,1.0,2.0,4.0,2.0,34.0,13.0,2.0,1.0,1.0,2.0,-1.0,0.0
1.0,1.0,0.0,1.0,2.0,0.0,39.0,55.9,2.0,0.0,2.0,0.0,0.0,1.0
3.0,1.0,1.0,3.0,0.0,3.0,-1.0,14.4583,0.0,1.0,1.0,0.0,-1.0,1.0
3.0,0.0,1.0,0.0,6.0,3.0,0.0,0.0,0.0,0.0,0.0,2.0,-1.0,0.0
2.0,1.0,1.0,2.0,4.0,2.0,25.0,30.0,2.0,1.0,1.0,2.0,-1.0,1.0
1.0,1.0,0.0,1.0,0.0,0.0,39.0,110.8833,0.0,0.0,4.0,0.0,0.0,1.0
2.0,0.0,1.0,0.0,4.0,2.0,0.0,0.0,0.0,0.0,0.0,2.0,-1.0,1.0
1.0,0.0,0.0,0.0,0.0,0.0,0.0,0.0,0.0,0.0,0.0,0.0,0.0,0.0
3.0,0.0,1.0,0.0,0.0,3.0,-0.0,0.0,0.0,0.0,0.0,0.0,-1.0,0.0
1.0,1.0,0.0,1.0,2.0,0.0,18.0,79.65,2.0,0.0,3.0,0.0,0.0,0.0
2.0,0.0,1.0,0.0,4.0,2.0,0.0,0.0,0.0,0.0,0.0,2.0,-1.0,1.0
1.0,0.0,0.0,0.0,0.0,0.0,0.0,0.0,0.0,0.0,0.0,0.0,0.0,0.0
3.0,0.0,1.0,0.0,6.0,3.0,0.0,0.0,0.0,0.0,0.0,2.0,-1.0,1.0
3.0,0.0,1.0,0.0,6.0,3.0,-0.0,0.0,0.0,0.0,0.0,2.0,-1.0,0.0
3.0,0.0,1.0,0.0,6.0,3.0,0.0,0.0,0.0,0.0,0.0,2.0,-1.0,0.0
1.0,1.0,0.0,1.0,0.0,0.0,52.0,78.2667,0.0,0.0,2.0,0.0,0.0,0.0
3.0,0.0,1.0,0.0,6.0,3.0,0.0,0.0,0.0,0.0,0.0,2.0,-1.0,1.0
3.0,1.0,1.0,3.0,3.0,3.0,-1.0,7.75,1.0,1.0,1.0,1.0,-1.0,0.0
2.0,0.0,1.0,0.0,4.0,2.0,0.0,0.0,0.0,0.0,0.0,2.0,-1.0,0.0
3.0,0.0,1.0,0.0,6.0,3.0,0.0,0.0,0.0,0.0,0.0,2.0,-1.0,0.0
2.0,1.0,1.0,2.0,4.0,2.0,-1.0,33.0,2.0,1.0,3.0,2.0,-1.0,0.0
3.0,0.0,1.0,0.0,6.0,3.0,0.0,0.0,0.0,0.0,0.0,2.0,-1.0,1.0
3.0,0.0,1.0,0.0,0.0,3.0,-0.0,0.0,0.0,0.0,0.0,0.0,-1.0,0.0
1.0,0.0,0.0,0.0,0.0,0.0,0.0,0.0,0.0,0.0,0.0,0.0,0.0,0.0
2.0,1.0,1.0,2.0,4.0,2.0,24.0,27.0,2.0,1.0,2.0,2.0,-1.0,1.0
3.0,0.0,1.0,0.0,6.0,3.0,-0.0,0.0,0.0,0.0,0.0,2.0,-1.0,1.0
1.0,0.0,1.0,0.0,2.0,1.0,-0.0,0.0,0.0,0.0,0.0,2.0,-1.0,0.0
3.0,0.0,1.0,0.0,6.0,3.0,0.0,0.0,0.0,0.0,0.0,2.0,-1.0,0.0
1.0,0.0,1.0,0.0,0.0,1.0,0.0,0.0,0.0,0.0,0.0,0.0,-1.0,0.0
3.0,0.0,1.0,0.0,6.0,3.0,0.0,0.0,0.0,0.0,0.0,2.0,-1.0,1.0
3.0,0.0,1.0,0.0,6.0,3.0,0.0,0.0,0.0,0.0,0.0,2.0,-1.0,0.0
1.0,0.0,1.0,0.0,2.0,1.0,0.0,0.0,0.0,0.0,0.0,2.0,-1.0,0.0
2.0,1.0,1.0,2.0,0.0,2.0,22.0,41.5792,0.0,1.0,3.0,0.0,-1.0,1.0
1.0,1.0,0.0,1.0,2.0,0.0,40.0,153.4625,2.0,0.0,3.0,0.0,0.0,1.0
3.0,1.0,1.0,3.0,6.0,3.0,39.0,31.275,2.0,1.0,7.0,2.0,-1.0,1.0
3.0,0.0,1.0,0.0,6.0,3.0,-0.0,0.0,0.0,0.0,0.0,2.0,-1.0,0.0
3.0,1.0,1.0,3.0,3.0,3.0,-1.0,15.5,1.0,1.0,2.0,1.0,-1.0,0.0
3.0,0.0,1.0,0.0,3.0,3.0,-0.0,0.0,0.0,0.0,0.0,1.0,-1.0,1.0
3.0,0.0,1.0,0.0,6.0,3.0,0.0,0.0,0.0,0.0,0.0,2.0,-1.0,0.0
2.0,1.0,1.0,2.0,4.0,2.0,24.0,65.0,2.0,1.0,2.0,2.0,-1.0,0.0
3.0,0.0,1.0,0.0,6.0,3.0,0.0,0.0,0.0,0.0,0.0,2.0,-1.0,1.0
3.0,1.0,1.0,3.0,6.0,3.0,26.0,16.1,2.0,1.0,2.0,2.0,-1.0,0.0
2.0,1.0,0.0,2.0,4.0,0.0,4.0,39.0,2.0,0.0,2.0,0.0,0.0,0.0
2.0,0.0,1.0,0.0,4.0,2.0,0.0,0.0,0.0,0.0,0.0,2.0,-1.0,1.0
3.0,0.0,1.0,0.0,0.0,3.0,0.0,0.0,0.0,0.0,0.0,0.0,-1.0,0.0
1.0,0.0,0.0,0.0,2.0,0.0,0.0,0.0,0.0,0.0,0.0,0.0,0.0,0.0
3.0,0.0,1.0,0.0,0.0,3.0,0.0,0.0,0.0,0.0,0.0,0.0,-1.0,1.0
3.0,0.0,1.0,0.0,6.0,3.0,0.0,0.0,0.0,0.0,0.0,2.0,-1.0,1.0
3.0,0.0,1.0,0.0,6.0,3.0,0.0,0.0,0.0,0.0,0.0,2.0,-1.0,0.0
1.0,0.0,0.0,0.0,2.0,0.0,0.0,0.0,0.0,0.0,0.0,0.0,0.0,0.0
2.0,0.0,1.0,0.0,2.0,2.0,0.0,0.0,0.0,0.0,0.0,1.0,-1.0,0.0
1.0,1.0,0.0,1.0,2.0,0.0,21.0,77.9583,2.0,0.0,3.0,0.0,0.0,0.0
3.0,0.0,1.0,0.0,6.0,3.0,0.0,0.0,0.0,0.0,0.0,2.0,-1.0,1.0
3.0,0.0,1.0,0.0,3.0,3.0,-0.0,0.0,0.0,0.0,0.0,1.0,-1.0,0.0
1.0,0.0,0.0,0.0,2.0,0.0,0.0,0.0,0.0,0.0,0.0,0.0,0.0,0.0
3.0,0.0,1.0,0.0,6.0,3.0,0.0,0.0,0.0,0.0,0.0,2.0,-1.0,1.0
1.0,0.0,0.0,0.0,0.0,0.0,0.0,0.0,0.0,0.0,0.0,0.0,0.0,0.0
1.0,0.0,1.0,0.0,2.0,1.0,-0.0,0.0,0.0,0.0,0.0,2.0,-1.0,1.0
3.0,1.0,1.0,3.0,6.0,3.0,9.0,27.9,2.0,1.0,6.0,2.0,-1.0,0.0
2.0,1.0,1.0,2.0,4.0,2.0,28.0,13.0,2.0,1.0,1.0,2.0,-1.0,0.0
3.0,0.0,1.0,0.0,6.0,3.0,0.0,0.0,0.0,0.0,0.0,2.0,-1.0,1.0
2.0,0.0,1.0,0.0,4.0,2.0,0.0,0.0,0.0,0.0,0.0,2.0,-1.0,0.0
3.0,1.0,1.0,3.0,6.0,3.0,41.0,39.6875,2.0,1.0,6.0,2.0,-1.0,0.0
3.0,0.0,1.0,0.0,6.0,3.0,-0.0,0.0,0.0,0.0,0.0,2.0,-1.0,0.0
3.0,0.0,1.0,0.0,6.0,3.0,0.0,0.0,0.0,0.0,0.0,2.0,-1.0,0.0
1.0,1.0,0.0,1.0,0.0,0.0,24.0,69.3,0.0,0.0,2.0,0.0,0.0,0.0
3.0,1.0,1.0,3.0,6.0,3.0,2.0,27.9,2.0,1.0,6.0,2.0,-1.0,1.0
3.0,0.0,1.0,0.0,6.0,3.0,-0.0,0.0,0.0,0.0,0.0,2.0,-1.0,0.0
3.0,1.0,1.0,3.0,0.0,3.0,0.75,19.2583,0.0,1.0,4.0,0.0,-1.0,1.0
1.0,0.0,0.0,0.0,0.0,0.0,0.0,0.0,0.0,0.0,0.0,0.0,0.0,1.0
3.0,0.0,1.0,0.0,6.0,3.0,0.0,0.0,0.0,0.0,0.0,2.0,-1.0,1.0
1.0,0.0,0.0,0.0,0.0,0.0,0.0,0.0,0.0,0.0,0.0,0.0,0.0,0.0
3.0,0.0,1.0,0.0,6.0,3.0,-0.0,0.0,0.0,0.0,0.0,2.0,-1.0,1.0
3.0,1.0,1.0,3.0,6.0,3.0,23.0,7.55,2.0,1.0,1.0,2.0,-1.0,0.0
3.0,0.0,1.0,0.0,6.0,3.0,-0.0,0.0,0.0,0.0,0.0,2.0,-1.0,1.0
2.0,1.0,1.0,2.0,4.0,2.0,18.0,23.0,2.0,1.0,2.0,2.0,-1.0,0.0
3.0,0.0,1.0,0.0,6.0,3.0,0.0,0.0,0.0,0.0,0.0,2.0,-1.0,1.0
3.0,1.0,1.0,3.0,3.0,3.0,-1.0,7.8292,1.0,1.0,1.0,1.0,-1.0,0.0
3.0,1.0,1.0,3.0,3.0,3.0,18.0,6.75,1.0,1.0,1.0,1.0,-1.0,1.0
2.0,0.0,1.0,0.0,4.0,2.0,0.0,0.0,0.0,0.0,0.0,2.0,-1.0,0.0
3.0,0.0,1.0,0.0,6.0,3.0,-0.0,0.0,0.0,0.0,0.0,2.0,-1.0,0.0
3.0,1.0,1.0,3.0,3.0,3.0,32.0,15.5,1.0,1.0,2.0,1.0,-1.0,0.0
2.0,0.0,1.0,0.0,4.0,2.0,0.0,0.0,0.0,0.0,0.0,2.0,-1.0,0.0
1.0,0.0,0.0,0.0,0.0,0.0,0.0,0.0,0.0,0.0,0.0,0.0,0.0,0.0
1.0,0.0,1.0,0.0,2.0,1.0,0.0,0.0,0.0,0.0,0.0,2.0,-1.0,0.0
3.0,0.0,1.0,0.0,0.0,3.0,0.0,0.0,0.0,0.0,0.0,0.0,-1.0,1.0
1.0,0.0,0.0,0.0,2.0,0.0,0.0,0.0,0.0,0.0,0.0,0.0,0.0,0.0
3.0,0.0,1.0,0.0,6.0,3.0,0.0,0.0,0.0,0.0,0.0,2.0,-1.0,0.0
3.0,0.0,1.0,0.0,6.0,3.0,0.0,0.0,0.0,0.0,0.0,2.0,-1.0,0.0
2.0,0.0,1.0,0.0,4.0,2.0,0.0,0.0,0.0,0.0,0.0,2.0,-1.0,1.0
2.0,0.0,1.0,0.0,4.0,2.0,0.0,0.0,0.0,0.0,0.0,2.0,-1.0,0.0
3.0,0.0,1.0,0.0,6.0,3.0,-0.0,0.0,0.0,0.0,0.0,2.0,-1.0,0.0
3.0,0.0,1.0,0.0,6.0,3.0,0.0,0.0,0.0,0.0,0.0,2.0,-1.0,0.0
1.0,1.0,0.0,1.0,2.0,0.0,-1.0,52.0,2.0,0.0,2.0,0.0,0.0,0.0
2.0,1.0,1.0,2.0,4.0,2.0,40.0,39.0,2.0,1.0,2.0,2.0,-1.0,1.0
1.0,0.0,0.0,0.0,2.0,0.0,0.0,0.0,0.0,0.0,0.0,0.0,0.0,1.0
2.0,0.0,1.0,0.0,4.0,2.0,0.0,0.0,0.0,0.0,0.0,2.0,-1.0,0.0
2.0,0.0,1.0,0.0,4.0,2.0,0.0,0.0,0.0,0.0,0.0,2.0,-1.0,0.0
2.0,0.0,1.0,0.0,4.0,2.0,-0.0,0.0,0.0,0.0,0.0,2.0,-1.0,1.0
3.0,0.0,1.0,0.0,6.0,3.0,0.0,0.0,0.0,0.0,0.0,2.0,-1.0,0.0
3.0,0.0,1.0,0.0,6.0,3.0,0.0,0.0,0.0,0.0,0.0,2.0,-1.0,0.0
3.0,1.0,1.0,3.0,6.0,3.0,18.0,9.8417,2.0,1.0,1.0,2.0,-1.0,0.0
3.0,1.0,1.0,3.0,6.0,3.0,43.0,46.9,2.0,1.0,6.0,2.0,-1.0,1.0
1.0,0.0,0.0,0.0,0.0,0.0,0.0,0.0,0.0,0.0,0.0,0.0,0.0,0.0
3.0,1.0,1.0,3.0,3.0,3.0,-1.0,8.1375,1.0,1.0,1.0,1.0,-1.0,1.0
1.0,0.0,0.0,0.0,0.0,0.0,0.0,0.0,0.0,0.0,0.0,0.0,0.0,0.0
3.0,0.0,1.0,0.0,6.0,3.0,0.0,0.0,0.0,0.0,0.0,2.0,-1.0,1.0
3.0,0.0,1.0,0.0,6.0,3.0,0.0,0.0,0.0,0.0,0.0,2.0,-1.0,0.0
2.0,0.0,1.0,0.0,4.0,2.0,0.0,0.0,0.0,0.0,0.0,2.0,-1.0,0.0
2.0,0.0,1.0,0.0,0.0,2.0,0.0,0.0,0.0,0.0,0.0,0.0,-1.0,0.0
3.0,0.0,1.0,0.0,6.0,3.0,0.0,0.0,0.0,0.0,0.0,2.0,-1.0,0.0
3.0,0.0,1.0,0.0,6.0,3.0,0.0,0.0,0.0,0.0,0.0,2.0,-1.0,0.0
3.0,0.0,1.0,0.0,6.0,3.0,0.0,0.0,0.0,0.0,0.0,2.0,-1.0,0.0
1.0,1.0,0.0,1.0,2.0,0.0,15.0,211.3375,2.0,0.0,3.0,0.0,0.0,0.0
1.0,0.0,0.0,0.0,2.0,0.0,0.0,0.0,0.0,0.0,0.0,0.0,0.0,1.0
3.0,1.0,1.0,3.0,0.0,3.0,4.0,13.4167,0.0,1.0,1.0,0.0,-1.0,1.0
3.0,0.0,1.0,0.0,6.0,3.0,-0.0,0.0,0.0,0.0,0.0,2.0,-1.0,1.0
3.0,0.0,1.0,0.0,0.0,3.0,0.0,0.0,0.0,0.0,0.0,0.0,-1.0,1.0
1.0,0.0,1.0,0.0,2.0,1.0,0.0,0.0,0.0,0.0,0.0,2.0,-1.0,0.0
2.0,0.0,1.0,0.0,4.0,2.0,0.0,0.0,0.0,0.0,0.0,2.0,-1.0,0.0
3.0,0.0,1.0,0.0,6.0,3.0,0.0,0.0,0.0,0.0,0.0,2.0,-1.0,0.0
3.0,1.0,1.0,3.0,3.0,3.0,-1.0,7.7333,1.0,1.0,1.0,1.0,-1.0,0.0
1.0,0.0,0.0,0.0,0.0,0.0,0.0,0.0,0.0,0.0,0.0,0.0,0.0,1.0
3.0,0.0,0.0,0.0,6.0,0.0,0.0,0.0,0.0,0.0,0.0,0.0,0.0,0.0
1.0,1.0,0.0,1.0,0.0,0.0,18.0,227.525,0.0,0.0,4.0,0.0,0.0,0.0
1.0,0.0,0.0,0.0,2.0,0.0,0.0,0.0,0.0,0.0,0.0,0.0,0.0,1.0
3.0,1.0,1.0,3.0,0.0,3.0,18.0,14.4542,0.0,1.0,2.0,0.0,-1.0,1.0
3.0,0.0,1.0,0.0,3.0,3.0,0.0,0.0,0.0,0.0,0.0,1.0,-1.0,0.0
3.0,0.0,1.0,0.0,6.0,3.0,0.0,0.0,0.0,0.0,0.0,2.0,-1.0,0.0
2.0,0.0,1.0,0.0,4.0,2.0,0.0,0.0,0.0,0.0,0.0,2.0,-1.0,0.0
2.0,1.0,1.0,2.0,4.0,2.0,45.0,13.5,2.0,1.0,1.0,2.0,-1.0,0.0
1.0,0.0,0.0,0.0,2.0,0.0,0.0,0.0,0.0,0.0,0.0,0.0,0.0,1.0
1.0,1.0,1.0,1.0,2.0,1.0,22.0,151.55,2.0,1.0,4.0,2.0,-1.0,1.0
3.0,0.0,1.0,0.0,0.0,3.0,-0.0,0.0,0.0,0.0,0.0,0.0,-1.0,1.0
1.0,1.0,0.0,1.0,0.0,0.0,24.0,49.5042,0.0,0.0,1.0,0.0,0.0,1.0
1.0,0.0,0.0,0.0,2.0,0.0,-0.0,0.0,0.0,0.0,0.0,0.0,0.0,1.0
1.0,0.0,0.0,0.0,2.0,0.0,0.0,0.0,0.0,0.0,0.0,0.0,0.0,0.0
3.0,0.0,1.0,0.0,6.0,3.0,0.0,0.0,0.0,0.0,0.0,2.0,-1.0,1.0
2.0,0.0,1.0,0.0,4.0,2.0,0.0,0.0,0.0,0.0,0.0,2.0,-1.0,0.0
3.0,0.0,0.0,0.0,6.0,0.0,0.0,0.0,0.0,0.0,0.0,0.0,0.0,0.0
1.0,1.0,0.0,1.0,0.0,0.0,38.0,227.525,0.0,0.0,4.0,0.0,0.0,0.0
2.0,1.0,0.0,2.0,4.0,0.0,27.0,10.5,2.0,0.0,1.0,0.0,0.0,1.0
3.0,0.0,1.0,0.0,3.0,3.0,-0.0,0.0,0.0,0.0,0.0,1.0,-1.0,1.0
3.0,0.0,1.0,0.0,6.0,3.0,0.0,0.0,0.0,0.0,0.0,2.0,-1.0,0.0
2.0,1.0,1.0,2.0,4.0,2.0,6.0,33.0,2.0,1.0,3.0,2.0,-1.0,0.0
3.0,0.0,1.0,0.0,6.0,3.0,0.0,0.0,0.0,0.0,0.0,2.0,-1.0,1.0
2.0,0.0,1.0,0.0,4.0,2.0,0.0,0.0,0.0,0.0,0.0,2.0,-1.0,0.0
2.0,0.0,1.0,0.0,4.0,2.0,0.0,0.0,0.0,0.0,0.0,2.0,-1.0,0.0
1.0,0.0,0.0,0.0,2.0,0.0,0.0,0.0,0.0,0.0,0.0,0.0,0.0,0.0
3.0,0.0,1.0,0.0,6.0,3.0,0.0,0.0,0.0,0.0,0.0,2.0,-1.0,1.0
2.0,1.0,1.0,2.0,4.0,2.0,30.0,21.0,2.0,1.0,2.0,2.0,-1.0,0.0
3.0,1.0,1.0,3.0,3.0,3.0,-1.0,7.7375,1.0,1.0,1.0,1.0,-1.0,1.0
2.0,0.0,1.0,0.0,4.0,2.0,0.0,0.0,0.0,0.0,0.0,2.0,-1.0,1.0
3.0,1.0,1.0,3.0,6.0,3.0,25.0,7.925,2.0,1.0,1.0,2.0,-1.0,0.0
1.0,1.0,0.0,1.0,2.0,0.0,29.0,211.3375,2.0,0.0,3.0,0.0,0.0,0.0
3.0,0.0,1.0,0.0,0.0,3.0,0.0,0.0,0.0,0.0,0.0,0.0,-1.0,1.0
2.0,0.0,1.0,0.0,4.0,2.0,-0.0,0.0,0.0,0.0,0.0,2.0,-1.0,0.0
2.0,0.0,1.0,0.0,4.0,2.0,0.0,0.0,0.0,0.0,0.0,2.0,-1.0,0.0
2.0,0.0,1.0,0.0,4.0,2.0,0.0,0.0,0.0,0.0,0.0,2.0,-1.0,0.0
3.0,0.0,1.0,0.0,6.0,3.0,0.0,0.0,0.0,0.0,0.0,2.0,-1.0,0.0
3.0,1.0,1.0,3.0,6.0,3.0,48.0,34.375,2.0,1.0,4.0,2.0,-1.0,0.0
1.0,0.0,0.0,0.0,0.0,0.0,0.0,0.0,0.0,0.0,0.0,0.0,0.0,0.0
3.0,0.0,1.0,0.0,6.0,3.0,-0.0,0.0,0.0,0.0,0.0,2.0,-1.0,1.0
3.0,0.0,1.0,0.0,6.0,3.0,-0.0,0.0,0.0,0.0,0.0,2.0,-1.0,0.0
1.0,0.0,0.0,0.0,2.0,0.0,-0.0,0.0,0.0,0.0,0.0,0.0,0.0,0.0
1.0,0.0,0.0,0.0,2.0,0.0,0.0,0.0,0.0,0.0,0.0,0.0,0.0,1.0
1.0,1.0,0.0,1.0,0.0,0.0,21.0,262.375,0.0,0.0,2.0,0.0,0.0,0.0
3.0,0.0,1.0,0.0,6.0,3.0,0.0,0.0,0.0,0.0,0.0,2.0,-1.0,1.0
3.0,0.0,1.0,0.0,6.0,3.0,0.0,0.0,0.0,0.0,0.0,2.0,-1.0,0.0
1.0,0.0,0.0,0.0,2.0,0.0,0.0,0.0,0.0,0.0,0.0,0.0,0.0,1.0
3.0,0.0,1.0,0.0,6.0,3.0,0.0,0.0,0.0,0.0,0.0,2.0,-1.0,0.0
2.0,1.0,1.0,2.0,4.0,2.0,30.0,13.0,2.0,1.0,1.0,2.0,-1.0,0.0
1.0,0.0,0.0,0.0,2.0,0.0,0.0,0.0,0.0,0.0,0.0,0.0,0.0,1.0
3.0,0.0,1.0,0.0,3.0,3.0,0.0,0.0,0.0,0.0,0.0,1.0,-1.0,0.0
2.0,1.0,1.0,2.0,4.0,2.0,4.0,23.0,2.0,1.0,1.0,2.0,-1.0,0.0
3.0,0.0,0.0,0.0,6.0,0.0,0.0,0.0,0.0,0.0,0.0,0.0,0.0,1.0
3.0,0.0,1.0,0.0,6.0,3.0,0.0,0.0,0.0,0.0,0.0,2.0,-1.0,1.0
3.0,0.0,1.0,0.0,6.0,3.0,0.0,0.0,0.0,0.0,0.0,2.0,-1.0,0.0
2.0,1.0,1.0,2.0,4.0,2.0,48.0,65.0,2.0,1.0,2.0,2.0,-1.0,0.0
2.0,0.0,1.0,0.0,4.0,2.0,0.0,0.0,0.0,0.0,0.0,2.0,-1.0,1.0
3.0,0.0,1.0,0.0,6.0,3.0,0.0,0.0,0.0,0.0,0.0,2.0,-1.0,1.0
2.0,0.0,1.0,0.0,4.0,2.0,0.0,0.0,0.0,0.0,0.0,2.0,-1.0,0.0
3.0,0.0,1.0,0.0,6.0,3.0,0.0,0.0,0.0,0.0,0.0,2.0,-1.0,0.0
1.0,1.0,0.0,1.0,2.0,0.0,33.0,86.5,2.0,0.0,3.0,0.0,0.0,0.0
3.0,0.0,1.0,0.0,6.0,3.0,-0.0,0.0,0.0,0.0,0.0,2.0,-1.0,1.0
3.0,0.0,1.0,0.0,6.0,3.0,0.0,0.0,0.0,0.0,0.0,2.0,-1.0,0.0
3.0,0.0,1.0,0.0,0.0,3.0,0.0,0.0,0.0,0.0,0.0,0.0,-1.0,0.0
1.0,1.0,0.0,1.0,2.0,0.0,36.0,120.0,2.0,0.0,4.0,0.0,0.0,1.0
3.0,0.0,1.0,0.0,6.0,3.0,0.0,0.0,0.0,0.0,0.0,2.0,-1.0,1.0
1.0,1.0,0.0,1.0,2.0,0.0,51.0,77.9583,2.0,0.0,3.0,0.0,0.0,0.0
1.0,0.0,1.0,0.0,0.0,1.0,-0.0,0.0,0.0,0.0,0.0,0.0,-1.0,1.0
3.0,1.0,1.0,3.0,3.0,3.0,30.5,7.75,1.0,1.0,1.0,1.0,-1.0,0.0
3.0,0.0,1.0,0.0,3.0,3.0,-0.0,0.0,0.0,0.0,0.0,1.0,-1.0,0.0
3.0,0.0,1.0,0.0,6.0,3.0,0.0,0.0,0.0,0.0,0.0,2.0,-1.0,0.0
3.0,0.0,1.0,0.0,6.0,3.0,0.0,0.0,0.0,0.0,0.0,2.0,-1.0,0.0
3.0,0.0,1.0,0.0,6.0,3.0,0.0,0.0,0.0,0.0,0.0,2.0,-1.0,0.0
2.0,1.0,0.0,2.0,4.0,0.0,57.0,10.5,2.0,0.0,2.0,0.0,0.0,0.0
3.0,0.0,1.0,0.0,0.0,3.0,-0.0,0.0,0.0,0.0,0.0,0.0,-1.0,0.0
2.0,1.0,1.0,2.0,4.0,2.0,54.0,23.0,2.0,1.0,1.0,2.0,-1.0,0.0
3.0,0.0,1.0,0.0,6.0,3.0,0.0,0.0,0.0,0.0,0.0,2.0,-1.0,1.0
3.0,0.0,0.0,0.0,3.0,0.0,-0.0,0.0,0.0,0.0,0.0,0.0,0.0,0.0
3.0,1.0,1.0,3.0,6.0,3.0,5.0,12.475,2.0,1.0,2.0,2.0,-1.0,0.0
3.0,0.0,1.0,0.0,3.0,3.0,-0.0,0.0,0.0,0.0,0.0,1.0,-1.0,1.0
1.0,1.0,0.0,1.0,2.0,0.0,43.0,211.3375,2.0,0.0,3.0,0.0,0.0,0.0
3.0,1.0,1.0,3.0,0.0,3.0,13.0,7.2292,0.0,1.0,1.0,0.0,-1.0,1.0
1.0,1.0,0.0,1.0,2.0,0.0,17.0,57.0,2.0,0.0,2.0,0.0,0.0,1.0
1.0,0.0,0.0,0.0,2.0,0.0,0.0,0.0,0.0,0.0,0.0,0.0,0.0,1.0
3.0,0.0,1.0,0.0,6.0,3.0,-0.0,0.0,0.0,0.0,0.0,2.0,-1.0,0.0
3.0,0.0,1.0,0.0,6.0,3.0,0.0,0.0,0.0,0.0,0.0,2.0,-1.0,0.0
3.0,0.0,1.0,0.0,6.0,3.0,0.0,0.0,0.0,0.0,0.0,2.0,-1.0,0.0
3.0,1.0,1.0,3.0,6.0,3.0,18.0,7.4958,2.0,1.0,1.0,2.0,-1.0,0.0
3.0,0.0,1.0,0.0,3.0,3.0,0.0,0.0,0.0,0.0,0.0,1.0,-1.0,1.0
3.0,0.0,1.0,0.0,6.0,3.0,0.0,0.0,0.0,0.0,0.0,2.0,-1.0,0.0
1.0,0.0,0.0,0.0,0.0,0.0,0.0,0.0,0.0,0.0,0.0,0.0,0.0,1.0
3.0,0.0,1.0,0.0,3.0,3.0,-0.0,0.0,0.0,0.0,0.0,1.0,-1.0,0.0
2.0,0.0,1.0,0.0,4.0,2.0,0.0,0.0,0.0,0.0,0.0,2.0,-1.0,0.0
3.0,1.0,1.0,3.0,6.0,3.0,-1.0,69.55,2.0,1.0,7.0,2.0,-1.0,0.0
1.0,0.0,1.0,0.0,0.0,1.0,-0.0,0.0,0.0,0.0,0.0,0.0,-1.0,0.0
3.0,0.0,1.0,0.0,6.0,3.0,0.0,0.0,0.0,0.0,0.0,2.0,-1.0,0.0
2.0,0.0,1.0,0.0,4.0,2.0,0.0,0.0,0.0,0.0,0.0,2.0,-1.0,0.0
1.0,1.0,0.0,1.0,2.0,0.0,49.0,25.9292,2.0,0.0,1.0,0.0,0.0,0.0
3.0,1.0,1.0,3.0,6.0,3.0,31.0,8.6833,2.0,1.0,1.0,2.0,-1.0,1.0
3.0,0.0,1.0,0.0,0.0,3.0,0.0,0.0,0.0,0.0,0.0,0.0,-1.0,1.0
3.0,1.0,1.0,3.0,6.0,3.0,30.0,24.15,2.0,1.0,3.0,2.0,-1.0,0.0
2.0,0.0,1.0,0.0,4.0,2.0,0.0,0.0,0.0,0.0,0.0,2.0,-1.0,0.0
2.0,1.0,1.0,2.0,4.0,2.0,31.0,26.25,2.0,1.0,3.0,2.0,-1.0,0.0
1.0,0.0,0.0,0.0,2.0,0.0,0.0,0.0,0.0,0.0,0.0,0.0,0.0,1.0
3.0,0.0,1.0,0.0,0.0,3.0,0.0,0.0,0.0,0.0,0.0,0.0,-1.0,1.0
3.0,0.0,1.0,0.0,6.0,3.0,0.0,0.0,0.0,0.0,0.0,2.0,-1.0,1.0
3.0,0.0,1.0,0.0,6.0,3.0,0.0,0.0,0.0,0.0,0.0,2.0,-1.0,1.0
1.0,0.0,0.0,0.0,2.0,0.0,0.0,0.0,0.0,0.0,0.0,0.0,0.0,0.0
3.0,1.0,1.0,3.0,6.0,3.0,18.0,7.775,2.0,1.0,1.0,2.0,-1.0,0.0
2.0,0.0,1.0,0.0,4.0,2.0,0.0,0.0,0.0,0.0,0.0,2.0,-1.0,0.0
1.0,1.0,0.0,1.0,2.0,0.0,33.0,53.1,2.0,0.0,2.0,0.0,0.0,0.0
3.0,0.0,1.0,0.0,6.0,3.0,0.0,0.0,0.0,0.0,0.0,2.0,-1.0,1.0
3.0,0.0,1.0,0.0,6.0,3.0,0.0,0.0,0.0,0.0,0.0,2.0,-1.0,0.0
2.0,0.0,1.0,0.0,4.0,2.0,0.0,0.0,0.0,0.0,0.0,2.0,-1.0,0.0
3.0,1.0,1.0,3.0,6.0,3.0,6.0,31.275,2.0,1.0,7.0,2.0,-1.0,0.0
3.0,0.0,1.0,0.0,6.0,3.0,0.0,0.0,0.0,0.0,0.0,2.0,-1.0,0.0
1.0,0.0,0.0,0.0,2.0,0.0,-0.0,0.0,0.0,0.0,0.0,0.0,0.0,0.0
3.0,1.0,1.0,3.0,6.0,3.0,23.0,7.925,2.0,1.0,1.0,2.0,-1.0,0.0
2.0,0.0,1.0,0.0,0.0,2.0,0.0,0.0,0.0,0.0,0.0,0.0,-1.0,0.0
3.0,0.0,1.0,0.0,6.0,3.0,0.0,0.0,0.0,0.0,0.0,2.0,-1.0,0.0
3.0,0.0,1.0,0.0,6.0,3.0,0.0,0.0,0.0,0.0,0.0,2.0,-1.0,0.0
1.0,1.0,0.0,1.0,2.0,0.0,52.0,93.5,2.0,0.0,2.0,0.0,0.0,0.0
3.0,0.0,1.0,0.0,6.0,3.0,0.0,0.0,0.0,0.0,0.0,2.0,-1.0,1.0
1.0,0.0,1.0,0.0,2.0,1.0,0.0,0.0,0.0,0.0,0.0,2.0,-1.0,1.0
3.0,1.0,0.0,3.0,6.0,0.0,27.0,12.475,2.0,0.0,2.0,0.0,0.0,0.0
3.0,0.0,1.0,0.0,6.0,3.0,0.0,0.0,0.0,0.0,0.0,2.0,-1.0,1.0
3.0,0.0,1.0,0.0,3.0,3.0,-0.0,0.0,0.0,0.0,0.0,1.0,-1.0,0.0
3.0,0.0,1.0,0.0,6.0,3.0,-0.0,0.0,0.0,0.0,0.0,2.0,-1.0,0.0
2.0,0.0,1.0,0.0,0.0,2.0,0.0,0.0,0.0,0.0,0.0,0.0,-1.0,0.0
3.0,0.0,1.0,0.0,3.0,3.0,-0.0,0.0,0.0,0.0,0.0,1.0,-1.0,1.0
1.0,1.0,0.0,1.0,0.0,0.0,62.0,80.0,0.0,0.0,2.0,0.0,0.0,1.0
3.0,1.0,1.0,3.0,0.0,3.0,15.0,14.4542,0.0,1.0,2.0,0.0,-1.0,1.0
2.0,0.0,1.0,0.0,4.0,2.0,0.0,0.0,0.0,0.0,0.0,2.0,-1.0,1.0
3.0,0.0,1.0,0.0,0.0,3.0,-0.0,0.0,0.0,0.0,0.0,0.0,-1.0,1.0
3.0,0.0,1.0,0.0,6.0,3.0,0.0,0.0,0.0,0.0,0.0,2.0,-1.0,0.0
3.0,0.0,1.0,0.0,6.0,3.0,0.0,0.0,0.0,0.0,0.0,2.0,-1.0,0.0
1.0,1.0,0.0,1.0,0.0,0.0,39.0,83.1583,0.0,0.0,1.0,0.0,0.0,0.0
3.0,0.0,1.0,0.0,6.0,3.0,0.0,0.0,0.0,0.0,0.0,2.0,-1.0,1.0
3.0,0.0,1.0,0.0,6.0,3.0,-0.0,0.0,0.0,0.0,0.0,2.0,-1.0,0.0
3.0,0.0,1.0,0.0,6.0,3.0,0.0,0.0,0.0,0.0,0.0,2.0,-1.0,0.0
1.0,0.0,0.0,0.0,0.0,0.0,-0.0,0.0,0.0,0.0,0.0,0.0,0.0,1.0
3.0,0.0,1.0,0.0,6.0,3.0,0.0,0.0,0.0,0.0,0.0,2.0,-1.0,1.0
2.0,0.0,1.0,0.0,4.0,2.0,0.0,0.0,0.0,0.0,0.0,2.0,-1.0,0.0
1.0,1.0,1.0,1.0,0.0,1.0,30.0,31.0,0.0,1.0,2.0,0.0,-1.0,0.0
3.0,0.0,1.0,0.0,0.0,3.0,0.0,0.0,0.0,0.0,0.0,0.0,-1.0,1.0
3.0,0.0,1.0,0.0,6.0,3.0,0.0,0.0,0.0,0.0,0.0,2.0,-1.0,0.0
3.0,0.0,1.0,0.0,6.0,3.0,0.0,0.0,0.0,0.0,0.0,2.0,-1.0,0.0
3.0,0.0,1.0,0.0,6.0,3.0,-0.0,0.0,0.0,0.0,0.0,2.0,-1.0,0.0
3.0,0.0,1.0,0.0,0.0,3.0,0.0,0.0,0.0,0.0,0.0,0.0,-1.0,0.0
2.0,0.0,1.0,0.0,4.0,2.0,0.0,0.0,0.0,0.0,0.0,2.0,-1.0,0.0
1.0,1.0,0.0,1.0,0.0,0.0,-1.0,89.1042,0.0,0.0,2.0,0.0,0.0,0.0
3.0,0.0,1.0,0.0,6.0,3.0,0.0,0.0,0.0,0.0,0.0,2.0,-1.0,1.0
3.0,0.0,1.0,0.0,6.0,3.0,0.0,0.0,0.0,0.0,0.0,2.0,-1.0,0.0
3.0,1.0,1.0,3.0,0.0,3.0,9.0,15.2458,0.0,1.0,2.0,0.0,-1.0,0.0
1.0,1.0,0.0,1.0,2.0,0.0,16.0,39.4,2.0,0.0,1.0,0.0,0.0,0.0
2.0,1.0,1.0,2.0,4.0,2.0,44.0,26.0,2.0,1.0,2.0,2.0,-1.0,1.0
3.0,1.0,1.0,3.0,6.0,3.0,18.0,9.35,2.0,1.0,1.0,2.0,-1.0,0.0
1.0,1.0,1.0,1.0,2.0,1.0,45.0,164.8667,2.0,1.0,2.0,2.0,-1.0,1.0
1.0,0.0,0.0,0.0,2.0,0.0,0.0,0.0,0.0,0.0,0.0,0.0,0.0,1.0
3.0,1.0,1.0,3.0,0.0,3.0,24.0,19.2583,0.0,1.0,4.0,0.0,-1.0,1.0
3.0,0.0,1.0,0.0,0.0,3.0,-0.0,0.0,0.0,0.0,0.0,0.0,-1.0,1.0
3.0,0.0,1.0,0.0,6.0,3.0,0.0,0.0,0.0,0.0,0.0,2.0,-1.0,0.0
2.0,0.0,1.0,0.0,4.0,2.0,0.0,0.0,0.0,0.0,0.0,2.0,-1.0,0.0
1.0,1.0,0.0,1.0,2.0,0.0,48.0,25.9292,2.0,0.0,1.0,0.0,0.0,0.0
3.0,1.0,1.0,3.0,6.0,3.0,-1.0,69.55,2.0,1.0,7.0,2.0,-1.0,1.0
2.0,0.0,1.0,0.0,4.0,2.0,0.0,0.0,0.0,0.0,0.0,2.0,-1.0,0.0
2.0,1.0,1.0,2.0,4.0,2.0,42.0,13.0,2.0,1.0,1.0,2.0,-1.0,0.0
2.0,1.0,1.0,2.0,0.0,2.0,27.0,13.8583,0.0,1.0,1.0,0.0,-1.0,1.0
1.0,0.0,0.0,0.0,2.0,0.0,0.0,0.0,0.0,0.0,0.0,0.0,0.0,1.0
3.0,0.0,1.0,0.0,6.0,3.0,-0.0,0.0,0.0,0.0,0.0,2.0,-1.0,0.0
3.0,0.0,1.0,0.0,6.0,3.0,0.0,0.0,0.0,0.0,0.0,2.0,-1.0,0.0
3.0,0.0,1.0,0.0,6.0,3.0,0.0,0.0,0.0,0.0,0.0,2.0,-1.0,1.0
1.0,1.0,0.0,1.0,2.0,0.0,47.0,52.5542,2.0,0.0,2.0,0.0,0.0,0.0
1.0,0.0,0.0,0.0,2.0,0.0,0.0,0.0,0.0,0.0,0.0,0.0,0.0,1.0
3.0,0.0,1.0,0.0,6.0,3.0,0.0,0.0,0.0,0.0,0.0,2.0,-1.0,0.0
2.0,1.0,1.0,2.0,0.0,2.0,28.0,24.0,0.0,1.0,2.0,0.0,-1.0,0.0
3.0,1.0,1.0,3.0,0.0,3.0,15.0,7.225,0.0,1.0,1.0,0.0,-1.0,1.0
3.0,0.0,1.0,0.0,6.0,3.0,0.0,0.0,0.0,0.0,0.0,2.0,-1.0,1.0
3.0,0.0,1.0,0.0,6.0,3.0,0.0,0.0,0.0,0.0,0.0,2.0,-1.0,0.0
3.0,0.0,1.0,0.0,6.0,3.0,-0.0,0.0,0.0,0.0,0.0,2.0,-1.0,0.0
1.0,1.0,0.0,1.0,0.0,0.0,56.0,83.1583,0.0,0.0,2.0,0.0,0.0,0.0
2.0,1.0,1.0,2.0,4.0,2.0,25.0,26.0,2.0,1.0,2.0,2.0,-1.0,1.0
3.0,0.0,1.0,0.0,6.0,3.0,0.0,0.0,0.0,0.0,0.0,2.0,-1.0,1.0
3.0,1.0,1.0,3.0,6.0,3.0,22.0,10.5167,2.0,1.0,1.0,2.0,-1.0,0.0
2.0,0.0,1.0,0.0,4.0,2.0,0.0,0.0,0.0,0.0,0.0,2.0,-1.0,0.0
3.0,0.0,1.0,0.0,6.0,3.0,0.0,0.0,0.0,0.0,0.0,2.0,-1.0,0.0
3.0,1.0,1.0,3.0,3.0,3.0,39.0,29.125,1.0,1.0,5.0,1.0,-1.0,0.0
2.0,0.0,1.0,0.0,4.0,2.0,0.0,0.0,0.0,0.0,0.0,2.0,-1.0,0.0
1.0,1.0,0.0,1.0,2.0,0.0,19.0,30.0,2.0,0.0,1.0,0.0,0.0,0.0
3.0,1.0,1.0,3.0,6.0,3.0,-1.0,23.45,2.0,1.0,2.0,2.0,-1.0,1.0
1.0,0.0,0.0,0.0,0.0,0.0,0.0,0.0,0.0,0.0,0.0,0.0,0.0,0.0
3.0,0.0,1.0,0.0,3.0,3.0,0.0,0.0,0.0,0.0,0.0,1.0,-1.0,1.0
,,,,,,,,,,,,,0.0
